"year","Latitude","Longitude","Region","HabitatType","DepthZone","RS_measured","SID","Reg_SID","Gear","DataSource"
"2018",30.1016382599999,-86.1583807000001,"Florida","NR","Unknown",7,"Central","FL_C","ROV","UF"
"2018",30.0233052399999,-86.1558807100001,"Florida","NR","Unknown",6,"Central","FL_C","ROV","UF"
"2018",29.9983053399999,-86.1350474600001,"Florida","NR","Unknown",13,"Central","FL_C","ROV","UF"
"2018",30.0191385899999,-86.1242141700001,"Florida","NR","Unknown",2,"Central","FL_C","ROV","UF"
"2018",29.8766391599999,-86.0025479900001,"Florida","NR","Unknown",10,"Central","FL_C","ROV","UF"
"2018",30.0449718199999,-85.9017150600001,"Florida","NR","Unknown",12,"Central","FL_C","ROV","UF"
"2018",29.7291397499999,-85.8525485900001,"Florida","NR","Unknown",4,"Central","FL_C","ROV","UF"
"2018",29.77516667,-85.70293333,"Florida","AR","Unknown",11,"Central","FL_C","ROV","UF"
"2018",29.1533087199999,-85.1850512600001,"Florida","NR","Unknown",1,"Central","FL_C","ROV","UF"
"2018",29.0874756499999,-84.8200527200001,"Florida","NR","Unknown",1,"Central","FL_C","ROV","UF"
"2018",29.2841415299999,-84.7400530400001,"Florida","NR","Unknown",5,"Central","FL_C","ROV","UF"
"2018",29.4116410199999,-84.6983865400001,"Florida","NR","Unknown",10,"Central","FL_C","ROV","UF"
"2018",29.3116414199999,-84.6817199400001,"Florida","NR","Unknown",4,"Central","FL_C","ROV","UF"
"2018",29.0808090099999,-84.6700533200001,"Florida","NR","Unknown",1,"Central","FL_C","ROV","UF"
"2018",29.2833081999999,-84.5925536300001,"Florida","NR","Unknown",1,"Central","FL_C","ROV","UF"
"2018",29.2491416699999,-84.5750537000001,"Florida","NR","Unknown",2,"Central","FL_C","ROV","UF"
"2018",29.2174751299999,-84.5633870800001,"Florida","NR","Unknown",3,"Central","FL_C","ROV","UF"
"2018",29.3916410999999,-84.4742207700001,"Florida","NR","Unknown",18,"Central","FL_C","ROV","UF"
"2018",29.3649745399999,-84.4383875800001,"Florida","NR","Unknown",5,"Central","FL_C","ROV","UF"
"2018",29.3274746899999,-84.4333876000001,"Florida","NR","Unknown",7,"Central","FL_C","ROV","UF"
"2018",29.3699745199999,-84.3600545600001,"Florida","NR","Unknown",4,"Central","FL_C","ROV","UF"
"2018",30.1566380399999,-86.8183780600001,"Florida","AR","Unknown",19,"Central","FL_C","ROV","UF"
"2018",30.1933045599999,-86.8092114300001,"Florida","NR","Unknown",4,"Central","FL_C","ROV","UF"
"2018",30.1541,-86.744683,"Florida","AR","Unknown",23,"Central","FL_C","ROV","UF"
"2018",30.1467,-86.67293333,"Florida","AR","Unknown",3,"Central","FL_C","ROV","UF"
"2018",30.12303333,-86.61143333,"Florida","AR","Unknown",4,"Central","FL_C","ROV","UF"
"2018",30.1358047899999,-86.5800456800001,"Florida","NR","Unknown",1,"Central","FL_C","ROV","UF"
"2019",30.1494333333333,-86.65235,"Florida","AR","Unknown",7,"Central","FL_C","ROV","UF"
"2019",30.1494333333333,-86.65235,"Florida","AR","Unknown",7,"Central","FL_C","ROV","UF"
"2019",30.1494333333333,-86.65235,"Florida","AR","Unknown",7,"Central","FL_C","ROV","UF"
"2018",30.0639666666667,-87.1578833333333,"Florida","AR","Unknown",3,"Central","FL_C","ROV","UF"
"2018",30.0639666666667,-87.1578833333333,"Florida","AR","Unknown",3,"Central","FL_C","ROV","UF"
"2018",30.0639666666667,-87.1578833333333,"Florida","AR","Unknown",3,"Central","FL_C","ROV","UF"
"2018",30.0639666666667,-87.1578833333333,"Florida","AR","Unknown",3,"Central","FL_C","ROV","UF"
"2018",30.0639666666667,-87.1578833333333,"Florida","AR","Unknown",3,"Central","FL_C","ROV","UF"
"2018",30.0639666666667,-87.1578833333333,"Florida","AR","Unknown",3,"Central","FL_C","ROV","UF"
"2018",30.0639666666667,-87.1578833333333,"Florida","AR","Unknown",13,"Central","FL_C","ROV","UF"
"2018",30.0639666666667,-87.1578833333333,"Florida","AR","Unknown",13,"Central","FL_C","ROV","UF"
"2018",30.0639666666667,-87.1578833333333,"Florida","AR","Unknown",13,"Central","FL_C","ROV","UF"
"2018",30.0092166666667,-87.1745833333333,"Florida","AR","Unknown",1,"Central","FL_C","ROV","UF"
"2018",30.0092166666667,-87.1745833333333,"Florida","AR","Unknown",1,"Central","FL_C","ROV","UF"
"2018",30.0092166666667,-87.1745833333333,"Florida","AR","Unknown",1,"Central","FL_C","ROV","UF"
"2018",30.1495,-86.6422166666667,"Florida","AR","Unknown",2,"Central","FL_C","ROV","UF"
"2018",30.1495,-86.6422166666667,"Florida","AR","Unknown",2,"Central","FL_C","ROV","UF"
"2018",30.1495,-86.6422166666667,"Florida","AR","Unknown",2,"Central","FL_C","ROV","UF"
"2018",30.0121166666667,-87.1655,"Florida","AR","Unknown",4,"Central","FL_C","ROV","UF"
"2018",30.0121166666667,-87.1655,"Florida","AR","Unknown",4,"Central","FL_C","ROV","UF"
"2018",30.0121166666667,-87.1655,"Florida","AR","Unknown",4,"Central","FL_C","ROV","UF"
"2018",30.0121166666667,-87.1655,"Florida","AR","Unknown",1,"Central","FL_C","ROV","UF"
"2018",30.0121166666667,-87.1655,"Florida","AR","Unknown",1,"Central","FL_C","ROV","UF"
"2018",30.0121166666667,-87.1655,"Florida","AR","Unknown",1,"Central","FL_C","ROV","UF"
"2018",30.1412333333333,-86.6383166666667,"Florida","AR","Unknown",1,"Central","FL_C","ROV","UF"
"2018",30.1412333333333,-86.6383166666667,"Florida","AR","Unknown",1,"Central","FL_C","ROV","UF"
"2018",30.04035,-87.08185,"Florida","AR","Unknown",2,"Central","FL_C","ROV","UF"
"2018",30.04035,-87.08185,"Florida","AR","Unknown",2,"Central","FL_C","ROV","UF"
"2018",30.04035,-87.08185,"Florida","AR","Unknown",2,"Central","FL_C","ROV","UF"
"2018",30.04035,-87.08185,"Florida","AR","Unknown",8,"Central","FL_C","ROV","UF"
"2018",30.04035,-87.08185,"Florida","AR","Unknown",8,"Central","FL_C","ROV","UF"
"2018",30.04035,-87.08185,"Florida","AR","Unknown",8,"Central","FL_C","ROV","UF"
"2018",30.04035,-87.08185,"Florida","AR","Unknown",15,"Central","FL_C","ROV","UF"
"2018",30.04035,-87.08185,"Florida","AR","Unknown",15,"Central","FL_C","ROV","UF"
"2018",30.04035,-87.08185,"Florida","AR","Unknown",15,"Central","FL_C","ROV","UF"
"2018",30.0501,-87.0813333333333,"Florida","AR","Unknown",1,"Central","FL_C","ROV","UF"
"2018",30.0501,-87.0813333333333,"Florida","AR","Unknown",1,"Central","FL_C","ROV","UF"
"2018",30.0501,-87.0813333333333,"Florida","AR","Unknown",1,"Central","FL_C","ROV","UF"
"2018",30.0501,-87.0813333333333,"Florida","AR","Unknown",1,"Central","FL_C","ROV","UF"
"2018",30.0501,-87.0813333333333,"Florida","AR","Unknown",1,"Central","FL_C","ROV","UF"
"2018",30.0501,-87.0813333333333,"Florida","AR","Unknown",1,"Central","FL_C","ROV","UF"
"2018",30.13585,-86.6515333333333,"Florida","AR","Unknown",1,"Central","FL_C","ROV","UF"
"2018",30.13585,-86.6515333333333,"Florida","AR","Unknown",1,"Central","FL_C","ROV","UF"
"2018",30.13585,-86.6515333333333,"Florida","AR","Unknown",1,"Central","FL_C","ROV","UF"
"2018",30.1349333333333,-86.6558666666667,"Florida","AR","Unknown",1,"Central","FL_C","ROV","UF"
"2018",30.1349333333333,-86.6558666666667,"Florida","AR","Unknown",1,"Central","FL_C","ROV","UF"
"2018",30.1349333333333,-86.6558666666667,"Florida","AR","Unknown",1,"Central","FL_C","ROV","UF"
"2018",30.1349333333333,-86.6558666666667,"Florida","AR","Unknown",1,"Central","FL_C","ROV","UF"
"2018",30.0766333333333,-87.1442833333333,"Florida","AR","Unknown",2,"Central","FL_C","ROV","UF"
"2018",30.1425666666667,-86.6596833333333,"Florida","AR","Unknown",10,"Central","FL_C","ROV","UF"
"2018",30.1425666666667,-86.6596833333333,"Florida","AR","Unknown",10,"Central","FL_C","ROV","UF"
"2018",30.1425666666667,-86.6596833333333,"Florida","AR","Unknown",10,"Central","FL_C","ROV","UF"
"2018",30.1425666666667,-86.6596833333333,"Florida","AR","Unknown",10,"Central","FL_C","ROV","UF"
"2018",30.1425666666667,-86.6596833333333,"Florida","AR","Unknown",1,"Central","FL_C","ROV","UF"
"2018",30.1425666666667,-86.6596833333333,"Florida","AR","Unknown",1,"Central","FL_C","ROV","UF"
"2018",30.1425666666667,-86.6596833333333,"Florida","AR","Unknown",1,"Central","FL_C","ROV","UF"
"2018",30.1425666666667,-86.6596833333333,"Florida","AR","Unknown",1,"Central","FL_C","ROV","UF"
"2018",30.1436666666667,-86.6545666666667,"Florida","AR","Unknown",1,"Central","FL_C","ROV","UF"
"2018",30.1436666666667,-86.6545666666667,"Florida","AR","Unknown",1,"Central","FL_C","ROV","UF"
"2018",30.1420666666667,-86.6489333333333,"Florida","AR","Unknown",2,"Central","FL_C","ROV","UF"
"2018",30.1420666666667,-86.6489333333333,"Florida","AR","Unknown",2,"Central","FL_C","ROV","UF"
"2019",30.2663333333333,-87.33185,"Florida","AR","Unknown",8,"Central","FL_C","ROV","UF"
"2019",30.2663333333333,-87.33185,"Florida","AR","Unknown",8,"Central","FL_C","ROV","UF"
"2018",30.2663333333333,-87.33185,"Florida","AR","Unknown",6,"Central","FL_C","ROV","UF"
"2018",30.2663333333333,-87.33185,"Florida","AR","Unknown",6,"Central","FL_C","ROV","UF"
"2018",30.2584333333333,-87.3367833333333,"Florida","AR","Unknown",1,"Central","FL_C","ROV","UF"
"2018",30.2584333333333,-87.3367833333333,"Florida","AR","Unknown",1,"Central","FL_C","ROV","UF"
"2019",30.2584333333333,-87.3367833333333,"Florida","AR","Unknown",2,"Central","FL_C","ROV","UF"
"2019",30.2584333333333,-87.3367833333333,"Florida","AR","Unknown",2,"Central","FL_C","ROV","UF"
"2019",30.26655,-87.3474,"Florida","AR","Unknown",14,"Central","FL_C","ROV","UF"
"2019",30.26655,-87.3474,"Florida","AR","Unknown",14,"Central","FL_C","ROV","UF"
"2018",30.26655,-87.3474,"Florida","AR","Unknown",2,"Central","FL_C","ROV","UF"
"2018",30.26655,-87.3474,"Florida","AR","Unknown",2,"Central","FL_C","ROV","UF"
"2019",30.2585,-87.3545666666667,"Florida","AR","Unknown",3,"Central","FL_C","ROV","UF"
"2019",30.2585,-87.3545666666667,"Florida","AR","Unknown",3,"Central","FL_C","ROV","UF"
"2018",30.2585,-87.3545666666667,"Florida","AR","Unknown",12,"Central","FL_C","ROV","UF"
"2018",30.2585,-87.3545666666667,"Florida","AR","Unknown",12,"Central","FL_C","ROV","UF"
"2018",30.2529333333333,-87.3445,"Florida","AR","Unknown",10,"Central","FL_C","ROV","UF"
"2018",30.2529333333333,-87.3445,"Florida","AR","Unknown",10,"Central","FL_C","ROV","UF"
"2018",30.2524833333333,-87.3613333333333,"Florida","AR","Unknown",5,"Central","FL_C","ROV","UF"
"2018",30.2524833333333,-87.3613333333333,"Florida","AR","Unknown",5,"Central","FL_C","ROV","UF"
"2019",30.2524833333333,-87.3613333333333,"Florida","AR","Unknown",7,"Central","FL_C","ROV","UF"
"2019",30.2524833333333,-87.3613333333333,"Florida","AR","Unknown",7,"Central","FL_C","ROV","UF"
"2018",30.0565333333333,-87.1906666666667,"Florida","AR","Unknown",1,"Central","FL_C","ROV","UF"
"2018",30.0253833333333,-87.1403833333333,"Florida","AR","Unknown",18,"Central","FL_C","ROV","UF"
"2018",30.0253833333333,-87.1403833333333,"Florida","AR","Unknown",18,"Central","FL_C","ROV","UF"
"2018",30.0253833333333,-87.1403833333333,"Florida","AR","Unknown",18,"Central","FL_C","ROV","UF"
"2018",30.0253833333333,-87.1403833333333,"Florida","AR","Unknown",4,"Central","FL_C","ROV","UF"
"2018",30.0253833333333,-87.1403833333333,"Florida","AR","Unknown",4,"Central","FL_C","ROV","UF"
"2018",30.0253833333333,-87.1403833333333,"Florida","AR","Unknown",4,"Central","FL_C","ROV","UF"
"2018",30.0253833333333,-87.1403833333333,"Florida","AR","Unknown",5,"Central","FL_C","ROV","UF"
"2018",30.0253833333333,-87.1403833333333,"Florida","AR","Unknown",5,"Central","FL_C","ROV","UF"
"2018",30.0253833333333,-87.1403833333333,"Florida","AR","Unknown",5,"Central","FL_C","ROV","UF"
"2018",30.0546333333333,-87.0926166666667,"Florida","AR","Unknown",10,"Central","FL_C","ROV","UF"
"2018",30.0546333333333,-87.0926166666667,"Florida","AR","Unknown",10,"Central","FL_C","ROV","UF"
"2018",30.0546333333333,-87.0926166666667,"Florida","AR","Unknown",10,"Central","FL_C","ROV","UF"
"2018",30.0546333333333,-87.0926166666667,"Florida","AR","Unknown",9,"Central","FL_C","ROV","UF"
"2018",30.0546333333333,-87.0926166666667,"Florida","AR","Unknown",9,"Central","FL_C","ROV","UF"
"2018",30.0546333333333,-87.0926166666667,"Florida","AR","Unknown",9,"Central","FL_C","ROV","UF"
"2018",30.0372,-87.1705666666667,"Florida","AR","Unknown",1,"Central","FL_C","ROV","UF"
"2018",30.1318666666667,-86.5732833333333,"Florida","AR","Unknown",1,"Central","FL_C","ROV","UF"
"2018",30.1318666666667,-86.5732833333333,"Florida","AR","Unknown",1,"Central","FL_C","ROV","UF"
"2018",30.0372,-87.1705666666667,"Florida","AR","Unknown",1,"Central","FL_C","ROV","UF"
"2018",30.0372,-87.1705666666667,"Florida","AR","Unknown",1,"Central","FL_C","ROV","UF"
"2018",30.0372,-87.1705666666667,"Florida","AR","Unknown",1,"Central","FL_C","ROV","UF"
"2018",30.1318666666667,-86.5732833333333,"Florida","AR","Unknown",1,"Central","FL_C","ROV","UF"
"2018",30.1318666666667,-86.5732833333333,"Florida","AR","Unknown",1,"Central","FL_C","ROV","UF"
"2018",30.0372,-87.1705666666667,"Florida","AR","Unknown",1,"Central","FL_C","ROV","UF"
"2018",30.0372,-87.1705666666667,"Florida","AR","Unknown",1,"Central","FL_C","ROV","UF"
"2018",30.0372,-87.1705666666667,"Florida","AR","Unknown",1,"Central","FL_C","ROV","UF"
"2018",30.1318666666667,-86.5732833333333,"Florida","AR","Unknown",1,"Central","FL_C","ROV","UF"
"2018",30.1318666666667,-86.5732833333333,"Florida","AR","Unknown",1,"Central","FL_C","ROV","UF"
"2018",30.0372,-87.1705666666667,"Florida","AR","Unknown",1,"Central","FL_C","ROV","UF"
"2018",30.0372,-87.1705666666667,"Florida","AR","Unknown",1,"Central","FL_C","ROV","UF"
"2018",30.0203666666667,-87.1787333333333,"Florida","AR","Unknown",2,"Central","FL_C","ROV","UF"
"2018",30.0203666666667,-87.1787333333333,"Florida","AR","Unknown",2,"Central","FL_C","ROV","UF"
"2018",30.13555,-86.5780166666667,"Florida","AR","Unknown",2,"Central","FL_C","ROV","UF"
"2018",30.0203666666667,-87.1787333333333,"Florida","AR","Unknown",2,"Central","FL_C","ROV","UF"
"2018",30.0203666666667,-87.1787333333333,"Florida","AR","Unknown",2,"Central","FL_C","ROV","UF"
"2018",30.13555,-86.5780166666667,"Florida","AR","Unknown",2,"Central","FL_C","ROV","UF"
"2018",30.0203666666667,-87.1787333333333,"Florida","AR","Unknown",1,"Central","FL_C","ROV","UF"
"2018",30.0203666666667,-87.1787333333333,"Florida","AR","Unknown",1,"Central","FL_C","ROV","UF"
"2018",30.13555,-86.5780166666667,"Florida","AR","Unknown",1,"Central","FL_C","ROV","UF"
"2018",30.1443333333333,-86.5892333333333,"Florida","AR","Unknown",1,"Central","FL_C","ROV","UF"
"2018",30.02365,-87.1699166666667,"Florida","AR","Unknown",1,"Central","FL_C","ROV","UF"
"2018",30.1443333333333,-86.5892333333333,"Florida","AR","Unknown",1,"Central","FL_C","ROV","UF"
"2018",30.1443333333333,-86.5892333333333,"Florida","AR","Unknown",1,"Central","FL_C","ROV","UF"
"2018",30.02365,-87.1699166666667,"Florida","AR","Unknown",1,"Central","FL_C","ROV","UF"
"2018",30.1443333333333,-86.5892333333333,"Florida","AR","Unknown",1,"Central","FL_C","ROV","UF"
"2019",30.1468,-86.5854833333333,"Florida","AR","Unknown",2,"Central","FL_C","ROV","UF"
"2019",30.1468,-86.5854833333333,"Florida","AR","Unknown",2,"Central","FL_C","ROV","UF"
"2019",30.1468,-86.5854833333333,"Florida","AR","Unknown",2,"Central","FL_C","ROV","UF"
"2018",30.1468,-86.5854833333333,"Florida","AR","Unknown",1,"Central","FL_C","ROV","UF"
"2018",30.1468,-86.5854833333333,"Florida","AR","Unknown",1,"Central","FL_C","ROV","UF"
"2018",30.1468,-86.5854833333333,"Florida","AR","Unknown",1,"Central","FL_C","ROV","UF"
"2018",30.1468,-86.5854833333333,"Florida","AR","Unknown",7,"Central","FL_C","ROV","UF"
"2018",30.1468,-86.5854833333333,"Florida","AR","Unknown",7,"Central","FL_C","ROV","UF"
"2018",30.1468,-86.5854833333333,"Florida","AR","Unknown",7,"Central","FL_C","ROV","UF"
"2019",30.14505,-86.5739666666667,"Florida","AR","Unknown",12,"Central","FL_C","ROV","UF"
"2019",30.14505,-86.5739666666667,"Florida","AR","Unknown",12,"Central","FL_C","ROV","UF"
"2019",30.14505,-86.5739666666667,"Florida","AR","Unknown",12,"Central","FL_C","ROV","UF"
"2019",30.14505,-86.5739666666667,"Florida","AR","Unknown",12,"Central","FL_C","ROV","UF"
"2018",30.0822,-87.1157333333333,"Florida","AR","Unknown",1,"Central","FL_C","ROV","UF"
"2018",30.1423333333333,-86.5789666666667,"Florida","AR","Unknown",1,"Central","FL_C","ROV","UF"
"2018",30.1423333333333,-86.5789666666667,"Florida","AR","Unknown",1,"Central","FL_C","ROV","UF"
"2018",30.1423333333333,-86.5789666666667,"Florida","AR","Unknown",1,"Central","FL_C","ROV","UF"
"2018",30.1423333333333,-86.5789666666667,"Florida","AR","Unknown",1,"Central","FL_C","ROV","UF"
"2018",30.0822,-87.1157333333333,"Florida","AR","Unknown",3,"Central","FL_C","ROV","UF"
"2018",30.1423333333333,-86.5789666666667,"Florida","AR","Unknown",3,"Central","FL_C","ROV","UF"
"2018",30.1423333333333,-86.5789666666667,"Florida","AR","Unknown",3,"Central","FL_C","ROV","UF"
"2018",30.1423333333333,-86.5789666666667,"Florida","AR","Unknown",3,"Central","FL_C","ROV","UF"
"2018",30.1423333333333,-86.5789666666667,"Florida","AR","Unknown",3,"Central","FL_C","ROV","UF"
"2018",30.0822,-87.1157333333333,"Florida","AR","Unknown",1,"Central","FL_C","ROV","UF"
"2018",30.1423333333333,-86.5789666666667,"Florida","AR","Unknown",1,"Central","FL_C","ROV","UF"
"2018",30.1423333333333,-86.5789666666667,"Florida","AR","Unknown",1,"Central","FL_C","ROV","UF"
"2018",30.1423333333333,-86.5789666666667,"Florida","AR","Unknown",1,"Central","FL_C","ROV","UF"
"2018",30.1423333333333,-86.5789666666667,"Florida","AR","Unknown",1,"Central","FL_C","ROV","UF"
"2018",30.0822,-87.1157333333333,"Florida","AR","Unknown",1,"Central","FL_C","ROV","UF"
"2018",30.0822,-87.1157333333333,"Florida","AR","Unknown",1,"Central","FL_C","ROV","UF"
"2018",30.1393,-86.57745,"Florida","AR","Unknown",1,"Central","FL_C","ROV","UF"
"2018",30.1393,-86.57745,"Florida","AR","Unknown",1,"Central","FL_C","ROV","UF"
"2018",30.1393,-86.57745,"Florida","AR","Unknown",1,"Central","FL_C","ROV","UF"
"2018",30.1393,-86.57745,"Florida","AR","Unknown",1,"Central","FL_C","ROV","UF"
"2018",30.1393,-86.57745,"Florida","AR","Unknown",1,"Central","FL_C","ROV","UF"
"2018",30.1393,-86.57745,"Florida","AR","Unknown",1,"Central","FL_C","ROV","UF"
"2018",30.1405,-86.5618666666667,"Florida","AR","Unknown",1,"Central","FL_C","ROV","UF"
"2018",30.1405,-86.5618666666667,"Florida","AR","Unknown",1,"Central","FL_C","ROV","UF"
"2018",30.1405,-86.5618666666667,"Florida","AR","Unknown",1,"Central","FL_C","ROV","UF"
"2018",30.1405,-86.5618666666667,"Florida","AR","Unknown",1,"Central","FL_C","ROV","UF"
"2018",30.0092,-87.1474833333333,"Florida","AR","Unknown",1,"Central","FL_C","ROV","UF"
"2018",30.0092,-87.1474833333333,"Florida","AR","Unknown",1,"Central","FL_C","ROV","UF"
"2018",30.0092,-87.1474833333333,"Florida","AR","Unknown",1,"Central","FL_C","ROV","UF"
"2018",30.0243666666667,-87.1562166666667,"Florida","AR","Unknown",1,"Central","FL_C","ROV","UF"
"2018",30.03,-87.1523666666667,"Florida","AR","Unknown",1,"Central","FL_C","ROV","UF"
"2018",30.0346833333333,-87.1243833333333,"Florida","AR","Unknown",9,"Central","FL_C","ROV","UF"
"2018",30.0346833333333,-87.1243833333333,"Florida","AR","Unknown",9,"Central","FL_C","ROV","UF"
"2018",30.0346833333333,-87.1243833333333,"Florida","AR","Unknown",9,"Central","FL_C","ROV","UF"
"2018",30.0346833333333,-87.1243833333333,"Florida","AR","Unknown",1,"Central","FL_C","ROV","UF"
"2018",30.0346833333333,-87.1243833333333,"Florida","AR","Unknown",1,"Central","FL_C","ROV","UF"
"2018",30.0346833333333,-87.1243833333333,"Florida","AR","Unknown",1,"Central","FL_C","ROV","UF"
"2018",30.04405,-87.1130333333333,"Florida","AR","Unknown",4,"Central","FL_C","ROV","UF"
"2018",30.04405,-87.1130333333333,"Florida","AR","Unknown",4,"Central","FL_C","ROV","UF"
"2018",30.04405,-87.1130333333333,"Florida","AR","Unknown",4,"Central","FL_C","ROV","UF"
"2018",30.04405,-87.1130333333333,"Florida","AR","Unknown",5,"Central","FL_C","ROV","UF"
"2018",30.04405,-87.1130333333333,"Florida","AR","Unknown",5,"Central","FL_C","ROV","UF"
"2018",30.04405,-87.1130333333333,"Florida","AR","Unknown",5,"Central","FL_C","ROV","UF"
"2018",30.04405,-87.1130333333333,"Florida","AR","Unknown",13,"Central","FL_C","ROV","UF"
"2018",30.04405,-87.1130333333333,"Florida","AR","Unknown",13,"Central","FL_C","ROV","UF"
"2018",30.04405,-87.1130333333333,"Florida","AR","Unknown",13,"Central","FL_C","ROV","UF"
"2018",30.0900666666667,-87.1187666666667,"Florida","AR","Unknown",1,"Central","FL_C","ROV","UF"
"2018",30.0900666666667,-87.1187666666667,"Florida","AR","Unknown",1,"Central","FL_C","ROV","UF"
"2018",30.0900666666667,-87.1187666666667,"Florida","AR","Unknown",1,"Central","FL_C","ROV","UF"
"2018",30.0769,-87.1338666666667,"Florida","AR","Unknown",1,"Central","FL_C","ROV","UF"
"2018",30.0769,-87.1338666666667,"Florida","AR","Unknown",1,"Central","FL_C","ROV","UF"
"2018",30.0769,-87.1338666666667,"Florida","AR","Unknown",1,"Central","FL_C","ROV","UF"
"2018",30.1216833333333,-86.5515666666667,"Florida","AR","Unknown",2,"Central","FL_C","ROV","UF"
"2018",30.1216833333333,-86.5515666666667,"Florida","AR","Unknown",2,"Central","FL_C","ROV","UF"
"2018",30.1216833333333,-86.5515666666667,"Florida","AR","Unknown",2,"Central","FL_C","ROV","UF"
"2018",30.1216833333333,-86.5515666666667,"Florida","AR","Unknown",2,"Central","FL_C","ROV","UF"
"2018",30.1245833333333,-86.5545166666667,"Florida","AR","Unknown",2,"Central","FL_C","ROV","UF"
"2018",30.1245833333333,-86.5545166666667,"Florida","AR","Unknown",2,"Central","FL_C","ROV","UF"
"2018",30.1245833333333,-86.5545166666667,"Florida","AR","Unknown",2,"Central","FL_C","ROV","UF"
"2018",30.1318,-86.5579833333333,"Florida","AR","Unknown",1,"Central","FL_C","ROV","UF"
"2018",30.1318,-86.5579833333333,"Florida","AR","Unknown",1,"Central","FL_C","ROV","UF"
"2018",30.1318,-86.5579833333333,"Florida","AR","Unknown",1,"Central","FL_C","ROV","UF"
"2019",30.1318,-86.5579833333333,"Florida","AR","Unknown",1,"Central","FL_C","ROV","UF"
"2019",30.1318,-86.5579833333333,"Florida","AR","Unknown",1,"Central","FL_C","ROV","UF"
"2019",30.1318,-86.5579833333333,"Florida","AR","Unknown",1,"Central","FL_C","ROV","UF"
"2018",30.1357333333333,-86.5492666666667,"Florida","AR","Unknown",4,"Central","FL_C","ROV","UF"
"2018",30.1357333333333,-86.5492666666667,"Florida","AR","Unknown",4,"Central","FL_C","ROV","UF"
"2018",30.1357333333333,-86.5492666666667,"Florida","AR","Unknown",4,"Central","FL_C","ROV","UF"
"2019",30.1357333333333,-86.5492666666667,"Florida","AR","Unknown",1,"Central","FL_C","ROV","UF"
"2019",30.1357333333333,-86.5492666666667,"Florida","AR","Unknown",1,"Central","FL_C","ROV","UF"
"2019",30.1357333333333,-86.5492666666667,"Florida","AR","Unknown",1,"Central","FL_C","ROV","UF"
"2018",30.1357333333333,-86.5492666666667,"Florida","AR","Unknown",6,"Central","FL_C","ROV","UF"
"2018",30.1396333333333,-86.55215,"Florida","AR","Unknown",1,"Central","FL_C","ROV","UF"
"2018",30.1396333333333,-86.55215,"Florida","AR","Unknown",1,"Central","FL_C","ROV","UF"
"2018",30.1396333333333,-86.55215,"Florida","AR","Unknown",1,"Central","FL_C","ROV","UF"
"2018",29.82582,-87.88683,"Florida","AR","Unknown",10,"Central","FL_C","ROV","UF"
"2018",29.82582,-87.88683,"Florida","AR","Unknown",10,"Central","FL_C","ROV","UF"
"2018",29.82582,-87.88683,"Florida","AR","Unknown",19,"Central","FL_C","ROV","UF"
"2018",29.82582,-87.88683,"Florida","AR","Unknown",19,"Central","FL_C","ROV","UF"
"2018",30.04058,-87.7128,"Florida","AR","Unknown",19,"Central","FL_C","ROV","UF"
"2018",30.04058,-87.7128,"Florida","AR","Unknown",19,"Central","FL_C","ROV","UF"
"2018",30.04058,-87.7128,"Florida","AR","Unknown",24,"Central","FL_C","ROV","UF"
"2018",30.04058,-87.7128,"Florida","AR","Unknown",24,"Central","FL_C","ROV","UF"
"2018",28.9566428399999,-84.5683870600001,"Florida","NR","Unknown",8,"East","FL_E","ROV","UF"
"2018",28.9583094999999,-84.5675537300001,"Florida","NR","Unknown",3,"East","FL_E","ROV","UF"
"2018",28.8349766599999,-84.5283872200001,"Florida","NR","Unknown",15,"East","FL_E","ROV","UF"
"2018",28.9208096499999,-84.5283872200001,"Florida","NR","Unknown",9,"East","FL_E","ROV","UF"
"2018",28.4216449799999,-84.4983873400001,"Florida","NR","Unknown",5,"East","FL_E","ROV","UF"
"2018",28.3191453899999,-84.5650537400001,"Florida","NR","Unknown",1,"East","FL_E","ROV","UF"
"2018",28.0183132599999,-84.2708882500001,"Florida","NR","Unknown",10,"East","FL_E","ROV","UF"
"2019",26.88831778,-83.1350594600001,"Florida","NR","Unknown",3,"East","FL_E","ROV","UF"
"2019",26.97998408,-83.0458931500001,"Florida","NR","Unknown",1,"East","FL_E","ROV","UF"
"2018",24.56832706,-83.0775596900001,"Florida","NR","Unknown",2,"East","FL_E","ROV","UF"
"2018",29.2327666666667,-88.2962166666667,"Alabama","UCB","Mid",2,"Central","AL_C","BLL","USA"
"2018",29.2373166666667,-88.2848166666667,"Alabama","NR","Deep",4,"Central","AL_C","VLL","USA"
"2018",29.251,-88.2040333333333,"Alabama","NR","Deep",1,"Central","AL_C","VLL","USA"
"2019",29.3155833333333,-88.2977,"Alabama","NR","Mid",17,"Central","AL_C","VLL","USA"
"2018",29.3186333333333,-88.2968833333333,"Alabama","UCB","Mid",3,"Central","AL_C","BLL","USA"
"2018",29.32095,-88.2894333333333,"Alabama","UknS","Mid",13,"Central","AL_C","VLL","USA"
"2019",29.3216666666667,-88.2720666666667,"Alabama","UCB","Mid",5,"Central","AL_C","BLL","USA"
"2019",29.3919666666667,-88.0785,"Alabama","AR","Mid",19,"Central","AL_C","VLL","USA"
"2019",29.4034333333333,-87.6723333333333,"Alabama","UCB","Deep",2,"Central","AL_C","BLL","USA"
"2018",29.4064,-87.6219,"Alabama","NR","Deep",1,"Central","AL_C","VLL","USA"
"2019",29.4085833333333,-88.0097833333333,"Alabama","AR","Mid",10,"Central","AL_C","VLL","USA"
"2019",29.4091,-88.1800833333333,"Alabama","AR","Mid",13,"Central","AL_C","VLL","USA"
"2018",29.41885,-87.9561333333333,"Alabama","NR","Mid",16,"Central","AL_C","VLL","USA"
"2019",29.4198666666667,-87.7181666666667,"Alabama","NR","Mid",4,"Central","AL_C","VLL","USA"
"2019",29.42115,-88.3306833333333,"Alabama","UCB","Mid",5,"Central","AL_C","BLL","USA"
"2018",29.4215,-87.7109666666667,"Alabama","NR","Mid",7,"Central","AL_C","VLL","USA"
"2018",29.4216333333333,-88.28545,"Alabama","UCB","Mid",6,"Central","AL_C","BLL","USA"
"2018",29.4225166666667,-87.7007,"Alabama","NR","Mid",2,"Central","AL_C","VLL","USA"
"2018",29.4229,-88.26985,"Alabama","AR","Mid",14,"Central","AL_C","VLL","USA"
"2019",29.42335,-87.9384333333333,"Alabama","NR","Mid",11,"Central","AL_C","VLL","USA"
"2018",29.4245166666667,-87.955,"Alabama","NR","Mid",9,"Central","AL_C","VLL","USA"
"2018",29.4246166666667,-87.7092666666667,"Alabama","NR","Mid",5,"Central","AL_C","VLL","USA"
"2019",29.4251166666667,-88.35255,"Alabama","AR","Mid",17,"Central","AL_C","VLL","USA"
"2018",29.4260666666667,-87.8891166666667,"Alabama","NR","Mid",1,"Central","AL_C","VLL","USA"
"2018",29.42745,-87.9377666666667,"Alabama","NR","Mid",9,"Central","AL_C","ROV","USA"
"2019",29.4286666666667,-88.3440833333333,"Alabama","NS","Mid",2,"Central","AL_C","VLL","USA"
"2018",29.4305,-88.1168666666667,"Alabama","AR","Mid",9,"Central","AL_C","VLL","USA"
"2018",29.4305166666667,-87.6287,"Alabama","UCB","Mid",4,"Central","AL_C","BLL","USA"
"2018",29.4318,-87.5695666666667,"Alabama","NR","Mid",1,"Central","AL_C","VLL","USA"
"2018",29.4328,-87.9421,"Alabama","NR","Mid",17,"Central","AL_C","ROV","USA"
"2018",29.4337333333333,-87.5697,"Alabama","NR","Mid",3,"Central","AL_C","VLL","USA"
"2018",29.4341833333333,-87.6981666666667,"Alabama","NR","Mid",2,"Central","AL_C","VLL","USA"
"2018",29.4344333333333,-88.0189166666667,"Alabama","UknS","Mid",11,"Central","AL_C","VLL","USA"
"2019",29.4357666666667,-87.5534666666667,"Alabama","NR","Deep",1,"Central","AL_C","VLL","USA"
"2018",29.43645,-87.636,"Alabama","NR","Mid",7,"Central","AL_C","VLL","USA"
"2018",29.4368333333333,-87.7063333333333,"Alabama","NR","Mid",4,"Central","AL_C","VLL","USA"
"2018",29.4381166666667,-88.0241166666667,"Alabama","UCB","Mid",3,"Central","AL_C","BLL","USA"
"2018",29.4422333333333,-87.8722833333333,"Alabama","NR","Mid",3,"Central","AL_C","VLL","USA"
"2018",29.4442833333333,-87.5479833333333,"Alabama","NR","Mid",1,"Central","AL_C","VLL","USA"
"2019",29.4468833333333,-87.6522,"Alabama","NR","Mid",1,"Central","AL_C","VLL","USA"
"2019",29.4513833333333,-88.1210666666667,"Alabama","AR","Mid",5,"Central","AL_C","VLL","USA"
"2019",29.4518833333333,-87.6607,"Alabama","NR","Mid",10,"Central","AL_C","VLL","USA"
"2019",29.4553833333333,-88.2773,"Alabama","UCB","Mid",2,"Central","AL_C","BLL","USA"
"2019",29.4557833333333,-88.2892,"Alabama","AR","Mid",18,"Central","AL_C","VLL","USA"
"2019",29.4576,-87.89015,"Alabama","NR","Mid",16,"Central","AL_C","VLL","USA"
"2019",29.45815,-87.9022166666667,"Alabama","AR","Mid",5,"Central","AL_C","VLL","USA"
"2018",29.45915,-87.9431166666667,"Alabama","AR","Mid",15,"Central","AL_C","VLL","USA"
"2019",29.46345,-87.6994,"Alabama","NR","Mid",7,"Central","AL_C","VLL","USA"
"2018",29.46415,-87.6556666666667,"Alabama","NR","Mid",2,"Central","AL_C","VLL","USA"
"2018",29.4647333333333,-88.0828833333333,"Alabama","UknS","Mid",8,"Central","AL_C","VLL","USA"
"2018",29.46615,-87.9475333333333,"Alabama","AR","Mid",13,"Central","AL_C","VLL","USA"
"2018",29.46615,-87.9475333333333,"Alabama","AR","Mid",13,"Central","AL_C","ROV","USA"
"2019",29.4725333333333,-87.6825166666667,"Alabama","NR","Mid",1,"Central","AL_C","VLL","USA"
"2018",29.4726333333333,-87.9675666666667,"Alabama","AR","Mid",19,"Central","AL_C","VLL","USA"
"2018",29.4726333333333,-87.9675666666667,"Alabama","AR","Mid",19,"Central","AL_C","ROV","USA"
"2019",29.4728333333333,-87.9672,"Alabama","AR","Mid",32,"Central","AL_C","VLL","USA"
"2019",29.48085,-87.9877333333333,"Alabama","AR","Mid",14,"Central","AL_C","VLL","USA"
"2018",29.4812833333333,-88.2301,"Alabama","AR","Mid",11,"Central","AL_C","VLL","USA"
"2019",29.4818666666667,-88.1136166666667,"Alabama","AR","Mid",7,"Central","AL_C","VLL","USA"
"2019",29.48435,-88.0011,"Alabama","AR","Mid",1,"Central","AL_C","VLL","USA"
"2019",29.4862,-88.3156,"Alabama","UCB","Mid",14,"Central","AL_C","BLL","USA"
"2018",29.48635,-87.7270333333333,"Alabama","UCB","Mid",3,"Central","AL_C","BLL","USA"
"2018",29.4873,-87.72345,"Alabama","AR","Mid",18,"Central","AL_C","VLL","USA"
"2018",29.4873,-87.72345,"Alabama","AR","Mid",18,"Central","AL_C","ROV","USA"
"2019",29.4922666666667,-88.3357833333333,"Alabama","AR","Mid",19,"Central","AL_C","VLL","USA"
"2018",29.4939,-88.0007333333333,"Alabama","AR","Shallow",5,"Central","AL_C","VLL","USA"
"2019",29.49575,-87.728,"Alabama","UCB","Mid",2,"Central","AL_C","BLL","USA"
"2019",29.4958833333333,-88.0203,"Alabama","AR","Mid",34,"Central","AL_C","VLL","USA"
"2019",29.4974833333333,-87.958,"Alabama","AR","Mid",7,"Central","AL_C","VLL","USA"
"2019",29.5020666666667,-87.73125,"Alabama","AR","Mid",12,"Central","AL_C","VLL","USA"
"2019",29.5020833333333,-87.5746666666667,"Alabama","AR","Mid",1,"Central","AL_C","VLL","USA"
"2018",29.5034833333333,-87.9990666666667,"Alabama","AR","Mid",4,"Central","AL_C","VLL","USA"
"2018",29.5034833333333,-87.9990666666667,"Alabama","AR","Mid",4,"Central","AL_C","ROV","USA"
"2018",29.5085666666667,-87.7647666666667,"Alabama","AR","Mid",3,"Central","AL_C","VLL","USA"
"2019",29.509,-87.98055,"Alabama","AR","Mid",10,"Central","AL_C","VLL","USA"
"2018",29.5164333333333,-88.2704833333333,"Alabama","AR","Mid",2,"Central","AL_C","VLL","USA"
"2019",29.51685,-87.6833166666667,"Alabama","AR","Mid",2,"Central","AL_C","VLL","USA"
"2018",29.5175833333333,-88.2646333333333,"Alabama","NS","Mid",4,"Central","AL_C","VLL","USA"
"2018",29.5195666666667,-87.95405,"Alabama","AR","Mid",11,"Central","AL_C","VLL","USA"
"2018",29.5195666666667,-87.95405,"Alabama","AR","Mid",11,"Central","AL_C","ROV","USA"
"2019",29.5196333333333,-87.9539833333333,"Alabama","AR","Mid",21,"Central","AL_C","VLL","USA"
"2019",29.5205166666667,-88.0126666666667,"Alabama","AR","Mid",3,"Central","AL_C","VLL","USA"
"2018",29.5259,-88.0010333333333,"Alabama","AR","Shallow",17,"Central","AL_C","VLL","USA"
"2018",29.5259,-88.0010333333333,"Alabama","AR","Shallow",17,"Central","AL_C","ROV","USA"
"2019",29.5282,-88.27635,"Alabama","AR","Mid",2,"Central","AL_C","VLL","USA"
"2018",29.5352333333333,-88.2778666666667,"Alabama","UCB","Mid",3,"Central","AL_C","BLL","USA"
"2018",29.5361,-88.2326166666667,"Alabama","AR","Mid",12,"Central","AL_C","VLL","USA"
"2019",29.53805,-87.7207833333333,"Alabama","UCB","Mid",3,"Central","AL_C","BLL","USA"
"2018",29.5396666666667,-87.6258166666667,"Alabama","NR","Mid",1,"Central","AL_C","VLL","USA"
"2019",29.5411666666667,-87.8162333333333,"Alabama","AR","Mid",10,"Central","AL_C","VLL","USA"
"2018",29.5433,-88.0025666666667,"Alabama","UCB","Shallow",3,"Central","AL_C","BLL","USA"
"2019",29.5454833333333,-87.7250666666667,"Alabama","AR","Mid",9,"Central","AL_C","VLL","USA"
"2019",29.5504,-87.8037166666667,"Alabama","AR","Mid",7,"Central","AL_C","VLL","USA"
"2018",29.5538166666667,-88.2344666666667,"Alabama","UCB","Mid",1,"Central","AL_C","BLL","USA"
"2019",29.5569,-88.1484666666667,"Alabama","UCB","Mid",3,"Central","AL_C","BLL","USA"
"2019",29.55715,-88.1515666666667,"Alabama","AR","Mid",16,"Central","AL_C","VLL","USA"
"2019",29.5584833333333,-88.1561833333333,"Alabama","NS","Shallow",4,"Central","AL_C","VLL","USA"
"2018",29.5596166666667,-87.8048166666667,"Alabama","AR","Mid",10,"Central","AL_C","VLL","USA"
"2018",29.5596166666667,-87.8048166666667,"Alabama","AR","Mid",10,"Central","AL_C","ROV","USA"
"2019",29.5642666666667,-87.6009166666667,"Alabama","AR","Mid",1,"Central","AL_C","VLL","USA"
"2018",29.5654666666667,-88.0904333333333,"Alabama","AR","Shallow",30,"Central","AL_C","VLL","USA"
"2018",29.5667666666667,-88.0034333333333,"Alabama","AR","Shallow",77,"Central","AL_C","VLL","USA"
"2018",29.5725833333333,-88.2385666666667,"Alabama","AR","Shallow",10,"Central","AL_C","VLL","USA"
"2019",29.57445,-87.74125,"Alabama","AR","Shallow",14,"Central","AL_C","VLL","USA"
"2019",29.5777833333333,-87.6738666666667,"Alabama","AR","Mid",34,"Central","AL_C","VLL","USA"
"2018",29.5821166666667,-88.2319,"Alabama","NS","Shallow",1,"Central","AL_C","VLL","USA"
"2018",29.5827166666667,-88.2371833333333,"Alabama","UCB","Shallow",1,"Central","AL_C","BLL","USA"
"2019",29.5851166666667,-88.119,"Alabama","AR","Shallow",1,"Central","AL_C","VLL","USA"
"2018",29.5891333333333,-88.1156666666667,"Alabama","AR","Shallow",19,"Central","AL_C","VLL","USA"
"2018",29.59275,-88.1126166666667,"Alabama","NS","Shallow",10,"Central","AL_C","VLL","USA"
"2019",29.594,-88.2674666666667,"Alabama","AR","Shallow",9,"Central","AL_C","VLL","USA"
"2019",29.5973,-87.7081166666667,"Alabama","AR","Shallow",4,"Central","AL_C","VLL","USA"
"2018",29.6004,-87.4807333333333,"Alabama","NR","Mid",1,"Central","AL_C","ROV","USA"
"2019",29.6014,-88.10995,"Alabama","UCB","Shallow",1,"Central","AL_C","BLL","USA"
"2018",29.6052833333333,-88.1218,"Alabama","UCB","Shallow",1,"Central","AL_C","BLL","USA"
"2019",29.60595,-87.8662166666667,"Alabama","AR","Shallow",1,"Central","AL_C","VLL","USA"
"2019",29.612,-87.84455,"Alabama","AR","Shallow",10,"Central","AL_C","VLL","USA"
"2018",29.6163333333333,-87.5605,"Alabama","AR","Mid",3,"Central","AL_C","VLL","USA"
"2019",29.62035,-87.8582166666667,"Alabama","AR","Shallow",9,"Central","AL_C","VLL","USA"
"2018",29.62715,-87.7072666666667,"Alabama","AR","Shallow",14,"Central","AL_C","VLL","USA"
"2018",29.62715,-87.7072666666667,"Alabama","AR","Shallow",14,"Central","AL_C","ROV","USA"
"2018",29.6272333333333,-87.6954833333333,"Alabama","AR","Shallow",9,"Central","AL_C","VLL","USA"
"2018",29.6272333333333,-87.6954833333333,"Alabama","AR","Shallow",9,"Central","AL_C","ROV","USA"
"2019",29.63405,-87.8741666666667,"Alabama","AR","Shallow",4,"Central","AL_C","VLL","USA"
"2018",29.6371666666667,-87.55775,"Alabama","UCB","Mid",1,"Central","AL_C","BLL","USA"
"2019",29.6447666666667,-88.0706,"Alabama","UCB","Mid",2,"Central","AL_C","BLL","USA"
"2018",29.6505,-88.0547833333333,"Alabama","AR","Shallow",7,"Central","AL_C","VLL","USA"
"2019",29.6509,-88.0837666666667,"Alabama","AR","Shallow",15,"Central","AL_C","VLL","USA"
"2018",29.6540666666667,-87.8912,"Alabama","AR","Shallow",21,"Central","AL_C","VLL","USA"
"2019",29.65455,-88.1212666666667,"Alabama","AR","Shallow",41,"Central","AL_C","VLL","USA"
"2019",29.6552833333333,-87.7601833333333,"Alabama","AR","Shallow",23,"Central","AL_C","VLL","USA"
"2019",29.66065,-87.7949666666667,"Alabama","AR","Shallow",5,"Central","AL_C","VLL","USA"
"2018",29.66105,-88.0541666666667,"Alabama","AR","Mid",7,"Central","AL_C","VLL","USA"
"2019",29.6633666666667,-87.9032333333333,"Alabama","AR","Shallow",6,"Central","AL_C","VLL","USA"
"2019",29.6647833333333,-87.8207833333333,"Alabama","UCB","Shallow",10,"Central","AL_C","BLL","USA"
"2019",29.6648,-87.5428333333333,"Alabama","AR","Mid",1,"Central","AL_C","VLL","USA"
"2019",29.6681666666667,-87.9218,"Alabama","AR","Mid",7,"Central","AL_C","VLL","USA"
"2018",29.6692833333333,-88.0590833333333,"Alabama","UCB","Shallow",12,"Central","AL_C","BLL","USA"
"2018",29.67085,-87.9504833333333,"Alabama","AR","Shallow",20,"Central","AL_C","VLL","USA"
"2018",29.67085,-87.9504833333333,"Alabama","AR","Shallow",20,"Central","AL_C","ROV","USA"
"2018",29.6715333333333,-87.9545833333333,"Alabama","AR","Shallow",30,"Central","AL_C","VLL","USA"
"2018",29.6731333333333,-87.5870666666667,"Alabama","AR","Shallow",1,"Central","AL_C","VLL","USA"
"2018",29.6747166666667,-87.9313166666667,"Alabama","AR","Shallow",16,"Central","AL_C","VLL","USA"
"2018",29.6747166666667,-87.9313166666667,"Alabama","AR","Shallow",16,"Central","AL_C","ROV","USA"
"2018",29.6791333333333,-87.9590333333333,"Alabama","AR","Shallow",18,"Central","AL_C","VLL","USA"
"2018",29.6791333333333,-87.9590333333333,"Alabama","AR","Shallow",18,"Central","AL_C","ROV","USA"
"2018",29.6820666666667,-88.2018166666667,"Alabama","AR","Shallow",15,"Central","AL_C","VLL","USA"
"2019",29.68225,-87.8370833333333,"Alabama","AR","Shallow",6,"Central","AL_C","VLL","USA"
"2018",29.6833166666667,-87.9363333333333,"Alabama","AR","Shallow",25,"Central","AL_C","VLL","USA"
"2018",29.6833166666667,-87.9363333333333,"Alabama","AR","Shallow",25,"Central","AL_C","ROV","USA"
"2018",29.6854333333333,-87.7987333333333,"Alabama","AR","Shallow",1,"Central","AL_C","ROV","USA"
"2018",29.68605,-87.7862833333333,"Alabama","AR","Shallow",5,"Central","AL_C","VLL","USA"
"2018",29.68605,-87.7862833333333,"Alabama","AR","Shallow",5,"Central","AL_C","ROV","USA"
"2018",29.687,-87.9705,"Alabama","AR","Shallow",17,"Central","AL_C","VLL","USA"
"2018",29.687,-87.9705,"Alabama","AR","Shallow",17,"Central","AL_C","ROV","USA"
"2019",29.6916166666667,-87.7414,"Alabama","AR","Shallow",9,"Central","AL_C","VLL","USA"
"2019",29.6937666666667,-87.7206333333333,"Alabama","UCB","Shallow",3,"Central","AL_C","BLL","USA"
"2019",29.6984666666667,-87.7373666666667,"Alabama","AR","Shallow",5,"Central","AL_C","VLL","USA"
"2018",29.6997333333333,-87.9706333333333,"Alabama","AR","Shallow",11,"Central","AL_C","VLL","USA"
"2018",29.6997333333333,-87.9706333333333,"Alabama","AR","Shallow",11,"Central","AL_C","ROV","USA"
"2019",29.7052333333333,-87.8994666666667,"Alabama","AR","Shallow",1,"Central","AL_C","VLL","USA"
"2018",29.7053833333333,-87.8994166666667,"Alabama","AR","Shallow",6,"Central","AL_C","ROV","USA"
"2018",29.7092166666667,-87.6088333333333,"Alabama","AR","Shallow",1,"Central","AL_C","VLL","USA"
"2019",29.7147333333333,-87.62915,"Alabama","AR","Shallow",51,"Central","AL_C","VLL","USA"
"2018",29.7187166666667,-87.97775,"Alabama","AR","Shallow",11,"Central","AL_C","VLL","USA"
"2018",29.7187166666667,-87.97775,"Alabama","AR","Shallow",11,"Central","AL_C","ROV","USA"
"2018",29.72015,-87.6051833333333,"Alabama","AR","Shallow",13,"Central","AL_C","VLL","USA"
"2019",29.7201833333333,-87.94125,"Alabama","AR","Shallow",8,"Central","AL_C","VLL","USA"
"2018",29.7268833333333,-87.8371,"Alabama","AR","Shallow",4,"Central","AL_C","VLL","USA"
"2019",29.72845,-87.9355333333333,"Alabama","UCB","Shallow",5,"Central","AL_C","BLL","USA"
"2018",29.7302,-88.21355,"Alabama","UknS","Shallow",8,"Central","AL_C","VLL","USA"
"2018",29.73085,-87.8884333333333,"Alabama","AR","Shallow",4,"Central","AL_C","VLL","USA"
"2018",29.73085,-87.8884333333333,"Alabama","AR","Shallow",4,"Central","AL_C","ROV","USA"
"2019",29.7338,-87.8984666666667,"Alabama","AR","Shallow",12,"Central","AL_C","VLL","USA"
"2018",29.7348166666667,-87.9824833333333,"Alabama","UCB","Shallow",7,"Central","AL_C","BLL","USA"
"2018",29.7353833333333,-88.2204833333333,"Alabama","UCB","Shallow",8,"Central","AL_C","BLL","USA"
"2018",29.7359333333333,-87.9516666666667,"Alabama","AR","Shallow",22,"Central","AL_C","VLL","USA"
"2019",29.7362833333333,-87.8445833333333,"Alabama","AR","Shallow",2,"Central","AL_C","VLL","USA"
"2018",29.7376833333333,-87.5969666666667,"Alabama","AR","Shallow",1,"Central","AL_C","ROV","USA"
"2019",29.7427833333333,-88.0106,"Alabama","AR","Shallow",17,"Central","AL_C","VLL","USA"
"2019",29.7442,-88.0663666666667,"Alabama","AR","Shallow",15,"Central","AL_C","VLL","USA"
"2019",29.7451666666667,-88.0074,"Alabama","AR","Shallow",2,"Central","AL_C","VLL","USA"
"2018",29.7454333333333,-87.8081833333333,"Alabama","AR","Shallow",22,"Central","AL_C","VLL","USA"
"2019",29.7474833333333,-88.0785,"Alabama","UCB","Shallow",5,"Central","AL_C","BLL","USA"
"2018",29.7499666666667,-87.951,"Alabama","AR","Shallow",16,"Central","AL_C","VLL","USA"
"2019",29.7504166666667,-88.0202,"Alabama","UCB","Shallow",5,"Central","AL_C","BLL","USA"
"2019",29.7532,-87.5363166666667,"Alabama","UCB","Shallow",1,"Central","AL_C","BLL","USA"
"2019",29.7568166666667,-87.7615166666667,"Alabama","AR","Shallow",2,"Central","AL_C","VLL","USA"
"2018",29.7582,-87.6884333333333,"Alabama","AR","Shallow",7,"Central","AL_C","VLL","USA"
"2018",29.7605,-87.5566,"Alabama","AR","Shallow",13,"Central","AL_C","VLL","USA"
"2018",29.7605,-87.5566,"Alabama","AR","Shallow",13,"Central","AL_C","ROV","USA"
"2018",29.7610666666667,-87.9425833333333,"Alabama","AR","Shallow",10,"Central","AL_C","VLL","USA"
"2019",29.7633833333333,-87.9370666666667,"Alabama","AR","Shallow",3,"Central","AL_C","VLL","USA"
"2018",29.7674166666667,-87.55975,"Alabama","AR","Shallow",12,"Central","AL_C","VLL","USA"
"2018",29.7674166666667,-87.55975,"Alabama","AR","Shallow",12,"Central","AL_C","ROV","USA"
"2019",29.77325,-87.5980833333333,"Alabama","AR","Shallow",9,"Central","AL_C","VLL","USA"
"2019",29.7759333333333,-87.6065166666667,"Alabama","AR","Shallow",13,"Central","AL_C","VLL","USA"
"2018",29.7761333333333,-87.8851166666667,"Alabama","AR","Shallow",7,"Central","AL_C","VLL","USA"
"2018",29.7761333333333,-87.8851166666667,"Alabama","AR","Shallow",7,"Central","AL_C","ROV","USA"
"2018",29.7762166666667,-88.03535,"Alabama","AR","Shallow",16,"Central","AL_C","VLL","USA"
"2018",29.7762166666667,-88.03535,"Alabama","AR","Shallow",16,"Central","AL_C","ROV","USA"
"2019",29.7768166666667,-87.8902,"Alabama","AR","Shallow",20,"Central","AL_C","VLL","USA"
"2019",29.7781333333333,-87.9743166666667,"Alabama","UCB","Shallow",2,"Central","AL_C","BLL","USA"
"2019",29.7813,-87.9965666666667,"Alabama","AR","Shallow",21,"Central","AL_C","VLL","USA"
"2019",29.7816333333333,-87.83895,"Alabama","AR","Shallow",1,"Central","AL_C","VLL","USA"
"2019",29.78435,-87.8838666666667,"Alabama","AR","Shallow",1,"Central","AL_C","VLL","USA"
"2018",29.7847,-88.0351666666667,"Alabama","AR","Shallow",23,"Central","AL_C","VLL","USA"
"2018",29.7888,-87.9782833333333,"Alabama","AR","Shallow",3,"Central","AL_C","VLL","USA"
"2018",29.7893666666667,-87.6720833333333,"Alabama","AR","Shallow",1,"Central","AL_C","VLL","USA"
"2019",29.7929166666667,-87.5545,"Alabama","AR","Shallow",12,"Central","AL_C","VLL","USA"
"2018",29.79335,-87.9903,"Alabama","AR","Shallow",14,"Central","AL_C","VLL","USA"
"2018",29.7950833333333,-87.8784833333333,"Alabama","AR","Shallow",9,"Central","AL_C","VLL","USA"
"2018",29.7950833333333,-87.8784833333333,"Alabama","AR","Shallow",9,"Central","AL_C","ROV","USA"
"2018",29.7951833333333,-87.9614,"Alabama","AR","Shallow",8,"Central","AL_C","VLL","USA"
"2018",29.7951833333333,-87.9614,"Alabama","AR","Shallow",8,"Central","AL_C","ROV","USA"
"2018",29.7954333333333,-87.6567,"Alabama","AR","Shallow",4,"Central","AL_C","VLL","USA"
"2018",29.7954333333333,-87.6567,"Alabama","AR","Shallow",4,"Central","AL_C","ROV","USA"
"2018",29.79715,-87.5710333333333,"Alabama","AR","Shallow",18,"Central","AL_C","VLL","USA"
"2018",29.79715,-87.5710333333333,"Alabama","AR","Shallow",18,"Central","AL_C","ROV","USA"
"2018",29.7975166666667,-87.9210166666667,"Alabama","AR","Shallow",23,"Central","AL_C","VLL","USA"
"2018",29.79895,-87.95765,"Alabama","AR","Shallow",15,"Central","AL_C","VLL","USA"
"2018",29.7995833333333,-87.9223833333333,"Alabama","AR","Shallow",21,"Central","AL_C","VLL","USA"
"2018",29.7995833333333,-87.9223833333333,"Alabama","AR","Shallow",21,"Central","AL_C","ROV","USA"
"2018",29.8027833333333,-87.9243833333333,"Alabama","AR","Shallow",18,"Central","AL_C","VLL","USA"
"2018",29.8027833333333,-87.9243833333333,"Alabama","AR","Shallow",18,"Central","AL_C","ROV","USA"
"2018",29.80335,-88.0052333333333,"Alabama","AR","Shallow",12,"Central","AL_C","VLL","USA"
"2018",29.80335,-88.0052333333333,"Alabama","AR","Shallow",12,"Central","AL_C","ROV","USA"
"2019",29.8047666666667,-87.9834,"Alabama","AR","Shallow",14,"Central","AL_C","VLL","USA"
"2018",29.8055,-87.677,"Alabama","UCB","Shallow",1,"Central","AL_C","BLL","USA"
"2018",29.8080666666667,-87.9314333333333,"Alabama","AR","Shallow",17,"Central","AL_C","VLL","USA"
"2018",29.8080666666667,-87.9314333333333,"Alabama","AR","Shallow",17,"Central","AL_C","ROV","USA"
"2019",29.8105833333333,-87.6064666666667,"Alabama","AR","Shallow",18,"Central","AL_C","VLL","USA"
"2018",29.8106833333333,-87.9429,"Alabama","AR","Shallow",11,"Central","AL_C","VLL","USA"
"2018",29.81075,-87.9424333333333,"Alabama","AR","Shallow",7,"Central","AL_C","VLL","USA"
"2018",29.8108833333333,-87.9424666666667,"Alabama","AR","Shallow",26,"Central","AL_C","VLL","USA"
"2018",29.8109,-87.9424333333333,"Alabama","AR","Shallow",11,"Central","AL_C","VLL","USA"
"2018",29.8175,-88.0003333333333,"Alabama","UCB","Shallow",8,"Central","AL_C","BLL","USA"
"2018",29.8176,-87.9476666666667,"Alabama","AR","Shallow",14,"Central","AL_C","VLL","USA"
"2018",29.8176,-87.94765,"Alabama","AR","Shallow",9,"Central","AL_C","VLL","USA"
"2018",29.8176,-87.9476333333333,"Alabama","AR","Shallow",7,"Central","AL_C","VLL","USA"
"2018",29.8176166666667,-87.9476333333333,"Alabama","AR","Shallow",6,"Central","AL_C","VLL","USA"
"2018",29.8176333333333,-87.9475833333333,"Alabama","AR","Shallow",5,"Central","AL_C","VLL","USA"
"2018",29.8202833333333,-87.8965166666667,"Alabama","AR","Shallow",14,"Central","AL_C","VLL","USA"
"2018",29.8209333333333,-87.936,"Alabama","AR","Shallow",45,"Central","AL_C","VLL","USA"
"2019",29.8214333333333,-87.5761666666667,"Alabama","UCB","Shallow",1,"Central","AL_C","BLL","USA"
"2018",29.8229,-87.9615833333333,"Alabama","AR","Shallow",3,"Central","AL_C","VLL","USA"
"2018",29.8229,-87.9615833333333,"Alabama","AR","Shallow",3,"Central","AL_C","ROV","USA"
"2018",29.8236333333333,-87.9749,"Alabama","AR","Shallow",24,"Central","AL_C","VLL","USA"
"2018",29.82405,-87.88695,"Alabama","AR","Shallow",6,"Central","AL_C","VLL","USA"
"2018",29.8266166666667,-87.9482666666667,"Alabama","AR","Shallow",4,"Central","AL_C","VLL","USA"
"2018",29.8266333333333,-87.94835,"Alabama","AR","Shallow",2,"Central","AL_C","VLL","USA"
"2018",29.8302333333333,-88.0319833333333,"Alabama","AR","Mid",18,"Central","AL_C","VLL","USA"
"2019",29.8328,-87.6148333333333,"Alabama","AR","Shallow",7,"Central","AL_C","VLL","USA"
"2018",29.8330166666667,-87.9989833333333,"Alabama","AR","Shallow",55,"Central","AL_C","VLL","USA"
"2018",29.8338166666667,-87.8878,"Alabama","AR","Shallow",20,"Central","AL_C","VLL","USA"
"2018",29.8343166666667,-87.98685,"Alabama","AR","Shallow",19,"Central","AL_C","VLL","USA"
"2019",29.8378166666667,-87.9244333333333,"Alabama","AR","Shallow",27,"Central","AL_C","VLL","USA"
"2018",29.8393666666667,-87.9590333333333,"Alabama","AR","Shallow",34,"Central","AL_C","VLL","USA"
"2019",29.8394,-87.9364,"Alabama","AR","Shallow",6,"Central","AL_C","VLL","USA"
"2018",29.8395,-88.0214,"Alabama","AR","Shallow",9,"Central","AL_C","VLL","USA"
"2018",29.8395,-88.0214,"Alabama","AR","Shallow",9,"Central","AL_C","ROV","USA"
"2018",29.8399166666667,-87.9443666666667,"Alabama","AR","Shallow",7,"Central","AL_C","VLL","USA"
"2018",29.8400166666667,-88.0146333333333,"Alabama","UCB","Shallow",5,"Central","AL_C","BLL","USA"
"2018",29.8405666666667,-87.7467,"Alabama","AR","Shallow",2,"Central","AL_C","VLL","USA"
"2018",29.8419,-87.6139666666667,"Alabama","AR","Shallow",1,"Central","AL_C","ROV","USA"
"2018",29.8436,-87.5953333333333,"Alabama","AR","Shallow",7,"Central","AL_C","ROV","USA"
"2018",29.8436,-87.5953333333333,"Alabama","AR","Shallow",7,"Central","AL_C","VLL","USA"
"2018",29.8448666666667,-88.0744333333333,"Alabama","AR","Shallow",12,"Central","AL_C","VLL","USA"
"2018",29.8448666666667,-88.0744333333333,"Alabama","AR","Shallow",12,"Central","AL_C","ROV","USA"
"2018",29.8463833333333,-87.8799333333333,"Alabama","AR","Shallow",34,"Central","AL_C","VLL","USA"
"2018",29.8473666666667,-87.8799333333333,"Alabama","AR","Shallow",11,"Central","AL_C","VLL","USA"
"2018",29.8473666666667,-87.8799333333333,"Alabama","AR","Shallow",11,"Central","AL_C","ROV","USA"
"2018",29.8481666666667,-88.0100166666667,"Alabama","AR","Shallow",81,"Central","AL_C","VLL","USA"
"2019",29.8498333333333,-87.5421333333333,"Alabama","AR","Shallow",7,"Central","AL_C","VLL","USA"
"2019",29.8512333333333,-87.5564833333333,"Alabama","AR","Shallow",7,"Central","AL_C","VLL","USA"
"2018",29.8517666666667,-87.8919333333333,"Alabama","AR","Shallow",12,"Central","AL_C","VLL","USA"
"2018",29.8517666666667,-87.8919333333333,"Alabama","AR","Shallow",12,"Central","AL_C","ROV","USA"
"2018",29.8526,-87.6149666666667,"Alabama","UCB","Shallow",3,"Central","AL_C","BLL","USA"
"2019",29.8557333333333,-87.58575,"Alabama","AR","Shallow",1,"Central","AL_C","VLL","USA"
"2018",29.8564166666667,-87.7497666666667,"Alabama","AR","Shallow",11,"Central","AL_C","VLL","USA"
"2019",29.85965,-87.5413333333333,"Alabama","AR","Shallow",1,"Central","AL_C","VLL","USA"
"2019",29.8609833333333,-87.5941,"Alabama","AR","Shallow",1,"Central","AL_C","VLL","USA"
"2019",29.8619333333333,-87.7464166666667,"Alabama","UCB","Shallow",2,"Central","AL_C","BLL","USA"
"2019",29.8628166666667,-87.89785,"Alabama","AR","Shallow",33,"Central","AL_C","VLL","USA"
"2019",29.8628666666667,-87.8977,"Alabama","AR","Shallow",26,"Central","AL_C","VLL","USA"
"2019",29.8630666666667,-87.5767,"Alabama","AR","Shallow",9,"Central","AL_C","VLL","USA"
"2019",29.8633833333333,-88.0330166666667,"Alabama","AR","Shallow",2,"Central","AL_C","VLL","USA"
"2019",29.8653666666667,-87.5988166666667,"Alabama","UCB","Shallow",1,"Central","AL_C","BLL","USA"
"2019",29.8655166666667,-88.1491666666667,"Alabama","AR","Shallow",12,"Central","AL_C","VLL","USA"
"2019",29.8664833333333,-88.1335166666667,"Alabama","UCB","Shallow",3,"Central","AL_C","BLL","USA"
"2019",29.8674,-88.2752,"Alabama","AR","Shallow",11,"Central","AL_C","VLL","USA"
"2018",29.86745,-88.2754166666667,"Alabama","AR","Shallow",24,"Central","AL_C","VLL","USA"
"2018",29.8678,-88.0716833333333,"Alabama","AR","Shallow",6,"Central","AL_C","VLL","USA"
"2019",29.8702,-87.5385,"Alabama","AR","Shallow",13,"Central","AL_C","VLL","USA"
"2018",29.8714666666667,-87.9656166666667,"Alabama","AR","Shallow",8,"Central","AL_C","VLL","USA"
"2018",29.8790666666667,-87.9323833333333,"Alabama","AR","Shallow",66,"Central","AL_C","VLL","USA"
"2018",29.8826666666667,-87.6199166666667,"Alabama","AR","Shallow",3,"Central","AL_C","ROV","USA"
"2018",29.8826666666667,-87.6199166666667,"Alabama","AR","Shallow",3,"Central","AL_C","VLL","USA"
"2018",29.8858333333333,-88.178,"Alabama","AR","Shallow",8,"Central","AL_C","VLL","USA"
"2019",29.89035,-88.16825,"Alabama","UCB","Shallow",2,"Central","AL_C","BLL","USA"
"2019",29.8909666666667,-87.5786166666667,"Alabama","AR","Shallow",1,"Central","AL_C","VLL","USA"
"2018",29.8931,-88.0301166666667,"Alabama","AR","Shallow",50,"Central","AL_C","VLL","USA"
"2019",29.8939166666667,-88.1832166666667,"Alabama","AR","Shallow",9,"Central","AL_C","VLL","USA"
"2019",29.8987,-88.0842333333333,"Alabama","AR","Shallow",30,"Central","AL_C","VLL","USA"
"2018",29.9014,-88.17055,"Alabama","UCB","Shallow",17,"Central","AL_C","BLL","USA"
"2018",29.9101833333333,-88.01675,"Alabama","AR","Shallow",12,"Central","AL_C","VLL","USA"
"2018",29.9101833333333,-88.01675,"Alabama","AR","Shallow",12,"Central","AL_C","ROV","USA"
"2019",29.9132666666667,-87.5992333333333,"Alabama","AR","Shallow",1,"Central","AL_C","VLL","USA"
"2019",29.9157166666667,-87.9568833333333,"Alabama","AR","Shallow",4,"Central","AL_C","VLL","USA"
"2018",29.9164833333333,-88.02495,"Alabama","AR","Shallow",43,"Central","AL_C","VLL","USA"
"2018",29.9165833333333,-87.9781166666667,"Alabama","AR","Shallow",18,"Central","AL_C","VLL","USA"
"2018",29.9187166666667,-87.95815,"Alabama","AR","Shallow",7,"Central","AL_C","VLL","USA"
"2018",29.9188,-87.74915,"Alabama","AR","Shallow",11,"Central","AL_C","VLL","USA"
"2018",29.9195833333333,-88.0808666666667,"Alabama","AR","Shallow",5,"Central","AL_C","VLL","USA"
"2018",29.9195833333333,-88.0808666666667,"Alabama","AR","Shallow",5,"Central","AL_C","ROV","USA"
"2019",29.9282666666667,-87.98325,"Alabama","AR","Shallow",4,"Central","AL_C","VLL","USA"
"2018",29.93035,-87.6165666666667,"Alabama","AR","Shallow",1,"Central","AL_C","ROV","USA"
"2019",29.9316833333333,-87.7701833333333,"Alabama","AR","Shallow",2,"Central","AL_C","VLL","USA"
"2019",29.9338166666667,-87.623,"Alabama","AR","Shallow",3,"Central","AL_C","VLL","USA"
"2018",29.9346666666667,-87.6535,"Alabama","UCB","Shallow",2,"Central","AL_C","BLL","USA"
"2018",29.9348666666667,-87.6680333333333,"Alabama","AR","Shallow",2,"Central","AL_C","VLL","USA"
"2018",29.9348666666667,-87.6680333333333,"Alabama","AR","Shallow",2,"Central","AL_C","ROV","USA"
"2018",29.9351833333333,-87.6977333333333,"Alabama","AR","Shallow",2,"Central","AL_C","VLL","USA"
"2018",29.9353666666667,-88.0097166666667,"Alabama","AR","Shallow",12,"Central","AL_C","VLL","USA"
"2018",29.9358166666667,-88.0112833333333,"Alabama","AR","Shallow",9,"Central","AL_C","VLL","USA"
"2018",29.9358166666667,-88.0112833333333,"Alabama","AR","Shallow",9,"Central","AL_C","ROV","USA"
"2018",29.9362166666667,-87.9660166666667,"Alabama","AR","Shallow",8,"Central","AL_C","VLL","USA"
"2018",29.9362166666667,-87.9660166666667,"Alabama","AR","Shallow",8,"Central","AL_C","ROV","USA"
"2019",29.9394666666667,-88.0381166666667,"Alabama","AR","Shallow",1,"Central","AL_C","VLL","USA"
"2019",29.9403333333333,-87.7781,"Alabama","UCB","Shallow",4,"Central","AL_C","BLL","USA"
"2018",29.9438666666667,-88.1791833333333,"Alabama","UCB","Shallow",1,"Central","AL_C","BLL","USA"
"2018",29.9447833333333,-87.6965333333333,"Alabama","AR","Shallow",2,"Central","AL_C","VLL","USA"
"2018",29.9447833333333,-87.6965333333333,"Alabama","AR","Shallow",2,"Central","AL_C","ROV","USA"
"2018",29.9450333333333,-87.59415,"Alabama","AR","Shallow",12,"Central","AL_C","VLL","USA"
"2019",29.9476166666667,-87.6174166666667,"Alabama","AR","Shallow",26,"Central","AL_C","VLL","USA"
"2018",29.948,-87.7051,"Alabama","AR","Shallow",4,"Central","AL_C","VLL","USA"
"2018",29.948,-87.7051,"Alabama","AR","Shallow",4,"Central","AL_C","ROV","USA"
"2019",29.9482666666667,-88.0535833333333,"Alabama","AR","Shallow",8,"Central","AL_C","VLL","USA"
"2018",29.94835,-88.0550666666667,"Alabama","AR","Shallow",42,"Central","AL_C","VLL","USA"
"2019",29.9486833333333,-88.1142166666667,"Alabama","AR","Shallow",5,"Central","AL_C","VLL","USA"
"2018",29.9496333333333,-88.0163333333333,"Alabama","AR","Shallow",8,"Central","AL_C","VLL","USA"
"2018",29.9496333333333,-88.0163333333333,"Alabama","AR","Shallow",8,"Central","AL_C","ROV","USA"
"2018",29.9511666666667,-88.0454666666667,"Alabama","UCB","Shallow",1,"Central","AL_C","BLL","USA"
"2018",29.9513166666667,-87.6658666666667,"Alabama","AR","Shallow",12,"Central","AL_C","VLL","USA"
"2018",29.9513166666667,-87.6658666666667,"Alabama","AR","Shallow",12,"Central","AL_C","ROV","USA"
"2018",29.9523,-88.0616666666667,"Alabama","AR","Shallow",76,"Central","AL_C","VLL","USA"
"2019",29.9554666666667,-88.0423666666667,"Alabama","UCB","Shallow",2,"Central","AL_C","BLL","USA"
"2019",29.95565,-87.5989333333333,"Alabama","AR","Shallow",3,"Central","AL_C","VLL","USA"
"2019",29.9580333333333,-87.8076666666667,"Alabama","AR","Shallow",16,"Central","AL_C","VLL","USA"
"2019",29.9604333333333,-87.8047666666667,"Alabama","UCB","Shallow",6,"Central","AL_C","BLL","USA"
"2019",29.9606833333333,-87.8104833333333,"Alabama","AR","Shallow",14,"Central","AL_C","VLL","USA"
"2018",29.96375,-88.0708166666667,"Alabama","AR","Shallow",44,"Central","AL_C","VLL","USA"
"2018",29.9659333333333,-88.1119,"Alabama","AR","Shallow",1,"Central","AL_C","VLL","USA"
"2018",29.9666833333333,-87.9699,"Alabama","AR","Shallow",4,"Central","AL_C","VLL","USA"
"2018",29.9671333333333,-87.9907166666667,"Alabama","AR","Shallow",11,"Central","AL_C","VLL","USA"
"2019",29.9672333333333,-88.0029833333333,"Alabama","AR","Shallow",6,"Central","AL_C","VLL","USA"
"2018",29.9683166666667,-88.0413666666667,"Alabama","AR","Shallow",15,"Central","AL_C","VLL","USA"
"2018",29.9683166666667,-88.0413666666667,"Alabama","AR","Shallow",15,"Central","AL_C","ROV","USA"
"2018",29.9687,-87.75975,"Alabama","AR","Shallow",12,"Central","AL_C","VLL","USA"
"2018",29.9687,-87.75975,"Alabama","AR","Shallow",12,"Central","AL_C","ROV","USA"
"2018",29.9705166666667,-87.6031,"Alabama","AR","Shallow",7,"Central","AL_C","VLL","USA"
"2018",29.9714833333333,-88.0654,"Alabama","AR","Shallow",39,"Central","AL_C","VLL","USA"
"2018",29.9725166666667,-87.6944833333333,"Alabama","AR","Shallow",13,"Central","AL_C","VLL","USA"
"2018",29.9725166666667,-87.6944833333333,"Alabama","AR","Shallow",13,"Central","AL_C","ROV","USA"
"2018",29.9740833333333,-87.6948166666667,"Alabama","AR","Shallow",8,"Central","AL_C","VLL","USA"
"2018",29.9740833333333,-87.6948166666667,"Alabama","AR","Shallow",8,"Central","AL_C","ROV","USA"
"2019",29.977,-87.7347833333333,"Alabama","AR","Shallow",14,"Central","AL_C","VLL","USA"
"2019",29.9781,-88.0666833333333,"Alabama","AR","Shallow",14,"Central","AL_C","VLL","USA"
"2019",29.9789,-87.7764666666667,"Alabama","AR","Shallow",10,"Central","AL_C","VLL","USA"
"2018",29.9827333333333,-88.07535,"Alabama","AR","Shallow",14,"Central","AL_C","VLL","USA"
"2018",29.9836666666667,-88.0423333333333,"Alabama","AR","Shallow",25,"Central","AL_C","VLL","USA"
"2018",29.9843333333333,-88.0451666666667,"Alabama","AR","Shallow",1,"Central","AL_C","VLL","USA"
"2018",29.9843333333333,-88.04515,"Alabama","AR","Shallow",4,"Central","AL_C","VLL","USA"
"2018",29.9843833333333,-87.65485,"Alabama","AR","Shallow",24,"Central","AL_C","VLL","USA"
"2018",29.985,-87.9643166666667,"Alabama","AR","Shallow",6,"Central","AL_C","VLL","USA"
"2018",29.9878833333333,-87.5530333333333,"Alabama","UCB","Shallow",1,"Central","AL_C","BLL","USA"
"2018",29.98925,-88.0468666666667,"Alabama","AR","Shallow",31,"Central","AL_C","VLL","USA"
"2018",29.99,-87.8020333333333,"Alabama","UCB","Shallow",1,"Central","AL_C","BLL","USA"
"2019",29.9904,-87.6768333333333,"Alabama","AR","Shallow",5,"Central","AL_C","VLL","USA"
"2019",29.9905833333333,-87.6716666666667,"Alabama","UCB","Shallow",1,"Central","AL_C","BLL","USA"
"2018",29.9929666666667,-87.8056,"Alabama","AR","Shallow",23,"Central","AL_C","VLL","USA"
"2018",29.9929666666667,-87.8056,"Alabama","AR","Shallow",23,"Central","AL_C","ROV","USA"
"2019",29.9945833333333,-87.7190833333333,"Alabama","AR","Shallow",6,"Central","AL_C","VLL","USA"
"2018",29.9959333333333,-88.0940833333333,"Alabama","AR","Shallow",34,"Central","AL_C","VLL","USA"
"2019",29.9965166666667,-88.0454666666667,"Alabama","AR","Shallow",7,"Central","AL_C","VLL","USA"
"2018",29.9968166666667,-88.1668833333333,"Alabama","AR","Shallow",22,"Central","AL_C","VLL","USA"
"2018",29.9972666666667,-87.79635,"Alabama","AR","Shallow",6,"Central","AL_C","VLL","USA"
"2018",29.9972666666667,-87.79635,"Alabama","AR","Shallow",6,"Central","AL_C","ROV","USA"
"2019",29.9978333333333,-87.982,"Alabama","AR","Shallow",1,"Central","AL_C","VLL","USA"
"2018",29.9982666666667,-87.96185,"Alabama","AR","Shallow",3,"Central","AL_C","VLL","USA"
"2019",29.999,-87.6854333333333,"Alabama","AR","Shallow",9,"Central","AL_C","VLL","USA"
"2019",29.9992833333333,-87.54165,"Alabama","AR","Shallow",1,"Central","AL_C","VLL","USA"
"2018",29.9995166666667,-88.1243166666667,"Alabama","AR","Shallow",21,"Central","AL_C","VLL","USA"
"2018",29.9995166666667,-88.1243166666667,"Alabama","AR","Shallow",21,"Central","AL_C","ROV","USA"
"2018",30.0018333333333,-87.81895,"Alabama","AR","Shallow",5,"Central","AL_C","VLL","USA"
"2018",30.0062666666667,-88.0290666666667,"Alabama","AR","Shallow",30,"Central","AL_C","VLL","USA"
"2019",30.0064,-87.7886166666667,"Alabama","AR","Shallow",2,"Central","AL_C","VLL","USA"
"2018",30.0087666666667,-88.0002333333333,"Alabama","AR","Shallow",54,"Central","AL_C","VLL","USA"
"2019",30.0095166666667,-87.9558666666667,"Alabama","NR","Shallow",17,"Central","AL_C","VLL","USA"
"2019",30.0097666666667,-87.7427166666667,"Alabama","AR","Shallow",1,"Central","AL_C","VLL","USA"
"2018",30.0107666666667,-87.9555833333333,"Alabama","NR","Shallow",42,"Central","AL_C","ROV","USA"
"2018",30.01095,-87.95505,"Alabama","NR","Shallow",7,"Central","AL_C","ROV","USA"
"2018",30.0118166666667,-87.9574666666667,"Alabama","NR","Shallow",3,"Central","AL_C","ROV","USA"
"2018",30.0121833333333,-87.95555,"Alabama","AR","Shallow",68,"Central","AL_C","ROV","USA"
"2019",30.01225,-87.9555833333333,"Alabama","AR","Shallow",9,"Central","AL_C","VLL","USA"
"2018",30.0155,-87.64235,"Alabama","AR","Shallow",4,"Central","AL_C","VLL","USA"
"2018",30.0155,-87.64235,"Alabama","AR","Shallow",4,"Central","AL_C","ROV","USA"
"2018",30.0167166666667,-88.0204166666667,"Alabama","AR","Shallow",14,"Central","AL_C","VLL","USA"
"2018",30.0167166666667,-88.0204166666667,"Alabama","AR","Shallow",14,"Central","AL_C","ROV","USA"
"2018",30.0196166666667,-87.6442333333333,"Alabama","AR","Shallow",17,"Central","AL_C","VLL","USA"
"2018",30.0196166666667,-87.6442333333333,"Alabama","AR","Shallow",17,"Central","AL_C","ROV","USA"
"2018",30.0232666666667,-87.5872833333333,"Alabama","AR","Shallow",13,"Central","AL_C","VLL","USA"
"2018",30.0232666666667,-87.5872833333333,"Alabama","AR","Shallow",13,"Central","AL_C","ROV","USA"
"2019",30.0232833333333,-87.6316833333333,"Alabama","AR","Shallow",3,"Central","AL_C","VLL","USA"
"2018",30.02345,-87.94985,"Alabama","NR","Shallow",8,"Central","AL_C","ROV","USA"
"2019",30.0238,-87.9497833333333,"Alabama","NR","Shallow",15,"Central","AL_C","VLL","USA"
"2018",30.0265833333333,-88.1035,"Alabama","AR","Shallow",14,"Central","AL_C","VLL","USA"
"2018",30.0265833333333,-88.1035,"Alabama","AR","Shallow",14,"Central","AL_C","ROV","USA"
"2019",30.0281166666667,-87.7502333333333,"Alabama","AR","Shallow",3,"Central","AL_C","VLL","USA"
"2018",30.0282,-88.0457666666667,"Alabama","AR","Shallow",1,"Central","AL_C","VLL","USA"
"2019",30.03075,-88.1439,"Alabama","UCB","Shallow",1,"Central","AL_C","BLL","USA"
"2019",30.0311166666667,-87.6003,"Alabama","AR","Shallow",3,"Central","AL_C","VLL","USA"
"2019",30.0340666666667,-87.65475,"Alabama","AR","Shallow",1,"Central","AL_C","VLL","USA"
"2018",30.0345,-88.09885,"Alabama","AR","Shallow",14,"Central","AL_C","VLL","USA"
"2018",30.0345,-88.09885,"Alabama","AR","Shallow",14,"Central","AL_C","ROV","USA"
"2018",30.0349666666667,-88.1536,"Alabama","UCB","Shallow",1,"Central","AL_C","BLL","USA"
"2018",30.0355333333333,-87.5487833333333,"Alabama","AR","Shallow",1,"Central","AL_C","VLL","USA"
"2018",30.0364666666667,-87.7873166666667,"Alabama","AR","Shallow",18,"Central","AL_C","VLL","USA"
"2018",30.0364666666667,-87.7873166666667,"Alabama","AR","Shallow",18,"Central","AL_C","ROV","USA"
"2018",30.03665,-87.99005,"Alabama","AR","Shallow",28,"Central","AL_C","VLL","USA"
"2018",30.03665,-87.99005,"Alabama","AR","Shallow",28,"Central","AL_C","ROV","USA"
"2018",30.0372833333333,-88.14825,"Alabama","UknS","Shallow",5,"Central","AL_C","VLL","USA"
"2019",30.0380666666667,-88.1435,"Alabama","AR","Shallow",2,"Central","AL_C","VLL","USA"
"2018",30.0380666666667,-87.58965,"Alabama","AR","Shallow",7,"Central","AL_C","VLL","USA"
"2018",30.0380666666667,-87.58965,"Alabama","AR","Shallow",7,"Central","AL_C","ROV","USA"
"2018",30.0383166666667,-87.5547166666667,"Alabama","AR","Shallow",1,"Central","AL_C","ROV","USA"
"2018",30.0405666666667,-87.7060333333333,"Alabama","NR","Shallow",22,"Central","AL_C","VLL","USA"
"2019",30.0407166666667,-87.75845,"Alabama","UCB","Shallow",1,"Central","AL_C","BLL","USA"
"2018",30.0496666666667,-87.6462166666667,"Alabama","AR","Shallow",14,"Central","AL_C","VLL","USA"
"2019",30.0875,-87.8534166666667,"Alabama","AR","Shallow",5,"Central","AL_C","VLL","USA"
"2019",30.0881,-87.8661666666667,"Alabama","AR","Shallow",7,"Central","AL_C","VLL","USA"
"2019",30.11435,-87.71435,"Alabama","AR","Shallow",1,"Central","AL_C","VLL","USA"
"2019",30.14365,-87.5453,"Alabama","AR","Shallow",1,"Central","AL_C","VLL","USA"
"2018",30.1446666666667,-87.5466666666667,"Alabama","AR","Shallow",3,"Central","AL_C","ROV","USA"
"2018",30.3430666666667,-87.87895,"Alabama","UCB","Shallow",1,"Central","AL_C","BLL","USA"
"2019",29.9969166666667,-88.50065,"Mississippi","AR","Shallow",35,"Central","MS_C","VLL","USA"
"2019",30.0002333333333,-88.5333166666667,"Mississippi","AR","Shallow",21,"Central","MS_C","VLL","USA"
"2019",30.00485,-88.49515,"Mississippi","AR","Shallow",45,"Central","MS_C","VLL","USA"
"2019",30.00635,-88.5147833333333,"Mississippi","AR","Shallow",30,"Central","MS_C","VLL","USA"
"2019",30.0075,-88.5237166666667,"Mississippi","AR","Shallow",30,"Central","MS_C","VLL","USA"
"2019",30.0321833333333,-88.5207166666667,"Mississippi","AR","Shallow",31,"Central","MS_C","VLL","USA"
"2019",30.0343666666667,-88.6949333333333,"Mississippi","AR","Shallow",4,"Central","MS_C","VLL","USA"
"2019",30.0363666666667,-88.5355166666667,"Mississippi","AR","Shallow",22,"Central","MS_C","VLL","USA"
"2019",30.0376,-88.5239166666667,"Mississippi","AR","Shallow",34,"Central","MS_C","VLL","USA"
"2019",30.0548,-88.5226666666667,"Mississippi","AR","Shallow",32,"Central","MS_C","VLL","USA"
"2019",30.06215,-88.6076833333333,"Mississippi","AR","Shallow",9,"Central","MS_C","VLL","USA"
"2019",30.0849333333333,-88.55805,"Mississippi","AR","Shallow",6,"Central","MS_C","VLL","USA"
"2019",30.0914333333333,-88.5801,"Mississippi","AR","Shallow",28,"Central","MS_C","VLL","USA"
"2020",29.406851,-92.896044,"Louisiana","PF","Shallow",11,"West","LA_W","HL","LGL"
"2020",28.443986,-92.878694,"Louisiana","PF","Deep",20,"West","LA_W","HL","LGL"
"2020",28.755658,-92.802287,"Louisiana","PF","Mid",45,"West","LA_W","HL","LGL"
"2020",28.747864,-91.367972,"Louisiana","PF","Shallow",37,"West","LA_W","HL","LGL"
"2020",28.248197,-91.740532,"Louisiana","PF","Deep",4,"West","LA_W","HL","LGL"
"2020",28.580784,-91.522373,"Louisiana","PF","Mid",25,"West","LA_W","HL","LGL"
"2020",28.618102,-90.242191,"Louisiana","PF","Mid",22,"West","LA_W","HL","LGL"
"2020",28.637125,-90.1935,"Louisiana","PC","Deep",39,"West","LA_W","HL","LGL"
"2020",28.366093,-90.201843,"Louisiana","PF","Deep",17,"West","LA_W","HL","LGL"
"2020",28.938154,-90.173564,"Louisiana","PF","Shallow",1,"West","LA_W","HL","LGL"
"2020",28.255541,-92.515615,"Louisiana","PF","Deep",42,"West","LA_W","HL","LGL"
"2020",28.65235,-92.7915,"Louisiana","AR","Mid",38,"West","LA_W","HL","LGL"
"2020",28.458817,-92.660217,"Louisiana","AR","Deep",24,"West","LA_W","HL","LGL"
"2020",28.427067,-92.662517,"Louisiana","AR","Deep",10,"West","LA_W","HL","LGL"
"2020",28.424167,-92.66005,"Louisiana","AR","Deep",18,"West","LA_W","HL","LGL"
"2020",28.6473,-91.936867,"Louisiana","AR","Mid",41,"West","LA_W","HL","LGL"
"2020",28.412817,-91.606433,"Louisiana","AR","Deep",1,"West","LA_W","HL","LGL"
"2020",28.412583,-91.601067,"Louisiana","AR","Deep",1,"West","LA_W","HL","LGL"
"2020",28.415067,-91.60525,"Louisiana","AR","Deep",5,"West","LA_W","HL","LGL"
"2020",28.252517,-91.757183,"Louisiana","AR","Deep",7,"West","LA_W","HL","LGL"
"2020",28.257433,-91.7575,"Louisiana","AR","Deep",3,"West","LA_W","HL","LGL"
"2020",28.2553,-91.7585,"Louisiana","AR","Deep",9,"West","LA_W","HL","LGL"
"2020",28.617017,-90.256667,"Louisiana","AR","Mid",34,"West","LA_W","HL","LGL"
"2020",28.619583,-90.243267,"Louisiana","AR","Mid",24,"West","LA_W","HL","LGL"
"2020",28.619383,-90.2432,"Louisiana","AR","Mid",26,"West","LA_W","HL","LGL"
"2020",28.61545,-90.14325,"Louisiana","AR","Deep",42,"West","LA_W","HL","LGL"
"2020",28.619467,-90.1394,"Louisiana","AR","Deep",18,"West","LA_W","HL","LGL"
"2020",28.289017,-92.569782,"Louisiana","PC","Deep",41,"West","LA_W","HL","LGL"
"2020",28.422043,-92.968373,"Louisiana","PC","Deep",23,"West","LA_W","HL","LGL"
"2020",28.596601,-92.989997,"Louisiana","PC","Mid",39,"West","LA_W","HL","LGL"
"2020",28.422691,-91.517768,"Louisiana","PC","Deep",40,"West","LA_W","HL","LGL"
"2020",28.85618,-90.190183,"Louisiana","PC","Shallow",3,"West","LA_W","HL","LGL"
"2020",28.320288,-90.19826,"Louisiana","PC","Deep",19,"West","LA_W","HL","LGL"
"2020",28.579102,-90.19439,"Louisiana","PC","Deep",29,"West","LA_W","HL","LGL"
"2020",28.572755,-91.42801,"Louisiana","PC","Mid",41,"West","LA_W","HL","LGL"
"2020",28.57,-93.03,"Louisiana","UCB","Mid",1,"West","LA_W","HL","LGL"
"2020",28.589641,-92.994673,"Louisiana","UCB","Mid",1,"West","LA_W","HL","LGL"
"2020",28.61,-92.91,"Louisiana","UCB","Mid",1,"West","LA_W","HL","LGL"
"2020",28.61,-92.87,"Louisiana","UCB","Mid",1,"West","LA_W","HL","LGL"
"2020",28.59,-92.77,"Louisiana","UCB","Mid",3,"West","LA_W","HL","LGL"
"2020",28.430524,-92.969579,"Louisiana","UCB","Deep",2,"West","LA_W","HL","LGL"
"2020",28.43,-92.71,"Louisiana","UCB","Deep",2,"West","LA_W","HL","LGL"
"2020",28.43,-92.85,"Louisiana","UCB","Deep",12,"West","LA_W","HL","LGL"
"2020",28.289941,-92.574727,"Louisiana","UCB","Deep",9,"West","LA_W","HL","LGL"
"2020",28.284417,-92.574667,"Louisiana","UCB","Deep",2,"West","LA_W","HL","LGL"
"2020",28.31,-92.49,"Louisiana","UCB","Deep",4,"West","LA_W","HL","LGL"
"2020",28.31,-92.39,"Louisiana","UCB","Deep",8,"West","LA_W","HL","LGL"
"2020",28.571074,-91.429147,"Louisiana","UCB","Mid",8,"West","LA_W","HL","LGL"
"2020",28.563853,-91.428247,"Louisiana","UCB","Mid",3,"West","LA_W","HL","LGL"
"2020",28.429789,-91.50974,"Louisiana","UCB","Deep",5,"West","LA_W","HL","LGL"
"2020",28.435034,-91.510698,"Louisiana","UCB","Deep",1,"West","LA_W","HL","LGL"
"2020",28.41,-91.57,"Louisiana","UCB","Deep",5,"West","LA_W","HL","LGL"
"2020",28.851754,-90.190362,"Louisiana","UCB","Shallow",2,"West","LA_W","HL","LGL"
"2020",28.67,-90.21,"Louisiana","UCB","Mid",27,"West","LA_W","HL","LGL"
"2020",28.611727,-90.247085,"Louisiana","UCB","Mid",3,"West","LA_W","HL","LGL"
"2020",28.604154,-90.25125,"Louisiana","UCB","Mid",3,"West","LA_W","HL","LGL"
"2020",28.59,-90.13,"Louisiana","UCB","Deep",17,"West","LA_W","HL","LGL"
"2020",28.570487,-90.19453,"Louisiana","UCB","Deep",8,"West","LA_W","HL","LGL"
"2020",28.57044,-90.190081,"Louisiana","UCB","Deep",9,"West","LA_W","HL","LGL"
"2020",28.35,-90.15,"Louisiana","UCB","Deep",8,"West","LA_W","HL","LGL"
"2020",28.331062,-90.198177,"Louisiana","UCB","Deep",3,"West","LA_W","HL","LGL"
"2020",28.33063,-90.190188,"Louisiana","UCB","Deep",9,"West","LA_W","HL","LGL"
"2020",28.844233,-89.3365,"Louisiana","UCB","Deep",6,"West","LA_W","HL","LGL"
"2020",28.83445,-89.4674,"Louisiana","UCB","Deep",17,"West","LA_W","HL","LGL"
"2020",27.889525,-93.271519,"Louisiana","NR","Deep",1,"West","LA_W","HL","LGL"
"2020",27.910065,-93.303288,"Louisiana","NR","Deep",36,"West","LA_W","HL","LGL"
"2020",28.340833,-92.459444,"Louisiana","NR","Deep",14,"West","LA_W","HL","LGL"
"2020",28.341075,-92.450675,"Louisiana","NR","Deep",20,"West","LA_W","HL","LGL"
"2020",28.328773,-92.465833,"Louisiana","NR","Deep",40,"West","LA_W","HL","LGL"
"2020",28.0825,-92.000556,"Louisiana","NR","Deep",6,"West","LA_W","HL","LGL"
"2020",28.078647,-91.9924,"Louisiana","NR","Deep",1,"West","LA_W","HL","LGL"
"2020",28.083345,-92.01537,"Louisiana","NR","Deep",8,"West","LA_W","HL","LGL"
"2020",28.1034,-91.00416,"Louisiana","NR","Deep",4,"West","LA_W","HL","LGL"
"2020",28.10254,-91.0356,"Louisiana","NR","Deep",1,"West","LA_W","HL","LGL"
"2020",28.6475,-89.564722,"Louisiana","NR","Deep",5,"West","LA_W","HL","LGL"
"2020",28.6348,-89.554833,"Louisiana","NR","Deep",5,"West","LA_W","HL","LGL"
"2020",28.62249,-89.548347,"Louisiana","NR","Deep",7,"West","LA_W","HL","LGL"
"2018",26.39121,-96.96264,"Texas","NR","Shallow",9,"West","TX_W","VLL","TPWD_SEAMAP"
"2019",26.39255,-96.9655,"Texas","NR","Shallow",15,"West","TX_W","VLL","TPWD_SEAMAP"
"2018",26.39288,-96.96448,"Texas","NR","Shallow",10,"West","TX_W","VLL","TPWD_SEAMAP"
"2019",26.39404,-96.96571,"Texas","NR","Shallow",14,"West","TX_W","VLL","TPWD_SEAMAP"
"2019",26.39829,-96.97395,"Texas","NR","Shallow",12,"West","TX_W","VLL","TPWD_SEAMAP"
"2018",26.40314,-96.96683,"Texas","NR","Shallow",12,"West","TX_W","VLL","TPWD_SEAMAP"
"2019",26.40333,-96.96058,"Texas","NR","Shallow",13,"West","TX_W","VLL","TPWD_SEAMAP"
"2018",26.40566,-96.9789,"Texas","NR","Shallow",16,"West","TX_W","VLL","TPWD_SEAMAP"
"2019",26.40705,-96.98359,"Texas","NR","Shallow",10,"West","TX_W","VLL","TPWD_SEAMAP"
"2018",26.40776,-96.97056,"Texas","NR","Shallow",13,"West","TX_W","VLL","TPWD_SEAMAP"
"2018",26.40789,-96.99352,"Texas","NR","Shallow",5,"West","TX_W","VLL","TPWD_SEAMAP"
"2019",26.4099,-96.98723,"Texas","NR","Shallow",8,"West","TX_W","VLL","TPWD_SEAMAP"
"2019",26.41203,-96.96627,"Texas","NR","Shallow",12,"West","TX_W","VLL","TPWD_SEAMAP"
"2019",27.43662,-96.52379,"Texas","NR","Mid",5,"West","TX_W","VLL","TPWD_SEAMAP"
"2018",27.43673,-96.52522,"Texas","NR","Mid",2,"West","TX_W","VLL","TPWD_SEAMAP"
"2019",27.44043,-96.52714,"Texas","NR","Mid",7,"West","TX_W","VLL","TPWD_SEAMAP"
"2019",27.44299,-96.52901,"Texas","NR","Mid",14,"West","TX_W","VLL","TPWD_SEAMAP"
"2018",27.44329,-96.52457,"Texas","NR","Mid",1,"West","TX_W","VLL","TPWD_SEAMAP"
"2019",27.44523,-96.52011,"Texas","NR","Mid",17,"West","TX_W","VLL","TPWD_SEAMAP"
"2018",27.44979,-96.76174,"Texas","AR","Mid",18,"West","TX_W","VLL","TPWD_SEAMAP"
"2019",27.53435,-96.4707,"Texas","NR","Mid",6,"West","TX_W","VLL","TPWD_SEAMAP"
"2018",27.53561,-96.46632,"Texas","NR","Mid",4,"West","TX_W","VLL","TPWD_SEAMAP"
"2018",27.53697,-96.46638,"Texas","NR","Mid",2,"West","TX_W","VLL","TPWD_SEAMAP"
"2018",27.53924,-96.48502,"Texas","NR","Mid",5,"West","TX_W","VLL","TPWD_SEAMAP"
"2018",27.54061,-96.48516,"Texas","NR","Mid",8,"West","TX_W","VLL","TPWD_SEAMAP"
"2018",27.54263,-96.4777,"Texas","NR","Mid",8,"West","TX_W","VLL","TPWD_SEAMAP"
"2019",27.54351,-96.48384,"Texas","NR","Mid",1,"West","TX_W","VLL","TPWD_SEAMAP"
"2019",27.54371,-96.47933,"Texas","NR","Mid",1,"West","TX_W","VLL","TPWD_SEAMAP"
"2018",27.54813,-96.47692,"Texas","NR","Mid",6,"West","TX_W","VLL","TPWD_SEAMAP"
"2018",27.55064,-96.47868,"Texas","NR","Mid",4,"West","TX_W","VLL","TPWD_SEAMAP"
"2019",27.56889,-96.85944,"Texas","AR","Shallow",17,"West","TX_W","VLL","TPWD_SEAMAP"
"2019",27.56957,-96.48088,"Texas","NR","Mid",11,"West","TX_W","VLL","TPWD_SEAMAP"
"2018",27.56984,-96.47781,"Texas","NR","Mid",1,"West","TX_W","VLL","TPWD_SEAMAP"
"2018",27.57004,-96.47475,"Texas","NR","Mid",2,"West","TX_W","VLL","TPWD_SEAMAP"
"2018",27.57129,-96.47649,"Texas","NR","Mid",3,"West","TX_W","VLL","TPWD_SEAMAP"
"2019",27.57147,-96.47499,"Texas","NR","Mid",1,"West","TX_W","VLL","TPWD_SEAMAP"
"2018",27.57147,-96.47486,"Texas","NR","Mid",1,"West","TX_W","VLL","TPWD_SEAMAP"
"2018",27.57639,-96.48006,"Texas","NR","Mid",7,"West","TX_W","VLL","TPWD_SEAMAP"
"2019",27.57907,-96.47742,"Texas","NR","Mid",3,"West","TX_W","VLL","TPWD_SEAMAP"
"2018",27.57953,-96.47444,"Texas","NR","Mid",7,"West","TX_W","VLL","TPWD_SEAMAP"
"2018",27.58056,-96.47906,"Texas","NR","Mid",5,"West","TX_W","VLL","TPWD_SEAMAP"
"2018",27.58192,-96.47939,"Texas","NR","Mid",1,"West","TX_W","VLL","TPWD_SEAMAP"
"2019",27.58205,-96.47623,"Texas","NR","Mid",9,"West","TX_W","VLL","TPWD_SEAMAP"
"2018",27.58847,-96.45083,"Texas","NR","Mid",10,"West","TX_W","VLL","TPWD_SEAMAP"
"2019",27.58894,-96.45332,"Texas","NR","Mid",12,"West","TX_W","VLL","TPWD_SEAMAP"
"2018",27.58989,-96.45094,"Texas","NR","Mid",11,"West","TX_W","VLL","TPWD_SEAMAP"
"2019",27.59111,-96.451,"Texas","NR","Mid",4,"West","TX_W","VLL","TPWD_SEAMAP"
"2018",27.5915,-96.44819,"Texas","NR","Mid",5,"West","TX_W","VLL","TPWD_SEAMAP"
"2019",27.59194,-96.45304,"Texas","NR","Mid",8,"West","TX_W","VLL","TPWD_SEAMAP"
"2018",27.59294,-96.44814,"Texas","NR","Mid",9,"West","TX_W","VLL","TPWD_SEAMAP"
"2018",27.64962,-97.00817,"Texas","AR","Shallow",15,"West","TX_W","VLL","TPWD_SEAMAP"
"2019",27.6691,-96.27586,"Texas","NR","Mid",9,"West","TX_W","VLL","TPWD_SEAMAP"
"2019",27.66962,-96.27731,"Texas","NR","Mid",20,"West","TX_W","VLL","TPWD_SEAMAP"
"2019",27.67349,-96.27465,"Texas","NR","Mid",2,"West","TX_W","VLL","TPWD_SEAMAP"
"2019",27.673832,-96.270777,"Texas","NR","Mid",2,"West","TX_W","VLL","TPWD_SEAMAP"
"2018",27.72697222,-96.19127778,"Texas","AR","Mid",3,"West","TX_W","VLL","TPWD_SEAMAP"
"2019",27.72756,-96.19165,"Texas","AR","Mid",1,"West","TX_W","VLL","TPWD_SEAMAP"
"2019",27.74158,-96.24165,"Texas","NR","Mid",19,"West","TX_W","VLL","TPWD_SEAMAP"
"2019",27.74256,-96.23177,"Texas","NR","Mid",20,"West","TX_W","VLL","TPWD_SEAMAP"
"2018",27.74313889,-96.23713889,"Texas","NR","Mid",2,"West","TX_W","VLL","TPWD_SEAMAP"
"2018",27.74361111,-96.23413889,"Texas","NR","Mid",9,"West","TX_W","VLL","TPWD_SEAMAP"
"2018",27.74461111,-96.23872222,"Texas","NR","Mid",3,"West","TX_W","VLL","TPWD_SEAMAP"
"2019",27.75032,-96.21922,"Texas","NR","Mid",22,"West","TX_W","VLL","TPWD_SEAMAP"
"2018",27.75075,-96.23052778,"Texas","NR","Mid",12,"West","TX_W","VLL","TPWD_SEAMAP"
"2019",27.82214,-95.98978,"Texas","AR","Mid",7,"West","TX_W","VLL","TPWD_SEAMAP"
"2019",27.832283,-96.50765,"Texas","AR","Shallow",19,"West","TX_W","VLL","TPWD_SEAMAP"
"2018",27.83277,-96.50664,"Texas","AR","Shallow",19,"West","TX_W","VLL","TPWD_SEAMAP"
"2018",27.86572222,-96.30663889,"Texas","AR","Mid",16,"West","TX_W","VLL","TPWD_SEAMAP"
"2018",28.0413,-96.46474,"Texas","AR","Shallow",10,"West","TX_W","VLL","TPWD_SEAMAP"
"2018",28.06753,-96.7672,"Texas","AR","Shallow",5,"West","TX_W","VLL","TPWD_SEAMAP"
"2018",28.07489,-96.49326,"Texas","AR","Shallow",18,"West","TX_W","VLL","TPWD_SEAMAP"
"2018",28.09034,-96.39182,"Texas","AR","Shallow",3,"West","TX_W","VLL","TPWD_SEAMAP"
"2019",28.11464,-96.08589,"Texas","AR","Shallow",15,"West","TX_W","VLL","TPWD_SEAMAP"
"2019",28.1167,-96.08823,"Texas","AR","Shallow",11,"West","TX_W","VLL","TPWD_SEAMAP"
"2018",28.11722,-96.08667,"Texas","AR","Shallow",14,"West","TX_W","VLL","TPWD_SEAMAP"
"2018",28.22889,-96.38083,"Texas","AR","Shallow",8,"West","TX_W","VLL","TPWD_SEAMAP"
"2018",28.2293833333333,-95.6194166666667,"Texas","AR","Shallow",14,"West","TX_W","VLL","TAMUCC"
"2018",28.2315833333333,-95.6192666666667,"Texas","AR","Shallow",3,"West","TX_W","VLL","TAMUCC"
"2018",28.23222,-96.39167,"Texas","AR","Shallow",1,"West","TX_W","VLL","TPWD_SEAMAP"
"2019",28.2326,-96.39172,"Texas","AR","Shallow",7,"West","TX_W","VLL","TPWD_SEAMAP"
"2019",28.23265,-96.37867,"Texas","AR","Shallow",1,"West","TX_W","VLL","TPWD_SEAMAP"
"2018",28.2326666666667,-95.6110833333333,"Texas","AR","Shallow",5,"West","TX_W","VLL","TAMUCC"
"2019",28.23275,-96.38566,"Texas","AR","Shallow",4,"West","TX_W","VLL","TPWD_SEAMAP"
"2018",28.2330666666667,-95.61425,"Texas","AR","Shallow",3,"West","TX_W","VLL","TAMUCC"
"2019",28.2348,-96.3915,"Texas","AR","Shallow",16,"West","TX_W","VLL","TPWD_SEAMAP"
"2018",28.2351833333333,-95.6143166666667,"Texas","AR","Shallow",4,"West","TX_W","VLL","TAMUCC"
"2019",28.23539,-96.38811,"Texas","AR","Shallow",9,"West","TX_W","VLL","TPWD_SEAMAP"
"2018",28.2355,-95.6117833333333,"Texas","AR","Shallow",10,"West","TX_W","VLL","TAMUCC"
"2019",28.37451,-96.18557,"Texas","AR","Shallow",3,"West","TX_W","VLL","TPWD_SEAMAP"
"2018",28.41028,-96.14306,"Texas","AR","Shallow",1,"West","TX_W","VLL","TPWD_SEAMAP"
